[2026-04-19 15:15:40] production.ERROR: Method Illuminate\Foundation\Console\ClosureCommand::hourly does not exist. {"exception":"[object] (BadMethodCallException(code: 0): Method Illuminate\\Foundation\\Console\\ClosureCommand::hourly does not exist. at C:/Users/Acer0/Ash-Shidddiqi/vendor/laravel/framework/src/Illuminate/Macroable/Traits/Macroable.php:112)
[stacktrace]
#0 C:/Users/Acer0/Ash-Shidddiqi/routes/console.php(4): Illuminate/Console/Command->__call('hourly', Array)
#1 C:/Users/Acer0/Ash-Shidddiqi/app/Console/Kernel.php(9): require('C://Users//Acer0//...')
#2 C:/Users/Acer0/Ash-Shidddiqi/vendor/laravel/framework/src/Illuminate/Foundation/Console/Kernel.php(453): App/Console/Kernel->commands()
#3 C:/Users/Acer0/Ash-Shidddiqi/vendor/laravel/framework/src/Illuminate/Foundation/Console/Kernel.php(199): Illuminate/Foundation/Console/Kernel->bootstrap()
#4 C:/Users/Acer0/Ash-Shidddiqi/artisan(7): Illuminate/Foundation/Console/Kernel->handle(Object(Symfony/Component/Console/Input/ArgvInput), Object(Symfony/Component/Console/Output/ConsoleOutput))
#5 {main}
"} 
[2026-04-19 15:26:29] local.ERROR: SQLSTATE[01000]: Warning: 1265 Data truncated for column 'role' at row 1 (Connection: mysql, SQL: insert into `users` (`username`, `name`, `email`, `phone`, `jabatan`, `unit_kerja`, `role`, `status`, `menu_access`, `password`, `updated_at`, `created_at`) values (guruipa, Budi Santoso, S.Pd, budi.ipa@simas.sch.id, 08567890123, Guru, SMP, user, aktif, ["dashboard","perbaikan_aset"], $2y$12$WkbG283mw.HtpamPRl//t.3qfS61ZeHXKEUKbkg66w9tCeua4IHpm, 2026-04-19 15:26:29, 2026-04-19 15:26:29)) {"exception":"[object] (Illuminate\\Database\\QueryException(code: 01000): SQLSTATE[01000]: Warning: 1265 Data truncated for column 'role' at row 1 (Connection: mysql, SQL: insert into `users` (`username`, `name`, `email`, `phone`, `jabatan`, `unit_kerja`, `role`, `status`, `menu_access`, `password`, `updated_at`, `created_at`) values (guruipa, Budi Santoso, S.Pd, budi.ipa@simas.sch.id, 08567890123, Guru, SMP, user, aktif, [\"dashboard\",\"perbaikan_aset\"], $2y$12$WkbG283mw.HtpamPRl//t.3qfS61ZeHXKEUKbkg66w9tCeua4IHpm, 2026-04-19 15:26:29, 2026-04-19 15:26:29)) at C:/Users/Acer0/Ash-Shidddiqi/vendor/laravel/framework/src/Illuminate/Database/Connection.php:829)
[stacktrace]
#0 C:/Users/Acer0/Ash-Shidddiqi/vendor/laravel/framework/src/Illuminate/Database/Connection.php(783): Illuminate/Database/Connection->runQueryCallback('insert into `us...', Array, Object(Closure))
#1 C:/Users/Acer0/Ash-Shidddiqi/vendor/laravel/framework/src/Illuminate/Database/MySqlConnection.php(34): Illuminate/Database/Connection->run('insert into `us...', Array, Object(Closure))
#2 C:/Users/Acer0/Ash-Shidddiqi/vendor/laravel/framework/src/Illuminate/Database/Query/Processors/MySqlProcessor.php(35): Illuminate/Database/MySqlConnection->insert('insert into `us...', Array, 'id')
#3 C:/Users/Acer0/Ash-Shidddiqi/vendor/laravel/framework/src/Illuminate/Database/Query/Builder.php(3549): Illuminate/Database/Query/Processors/MySqlProcessor->processInsertGetId(Object(Illuminate/Database/Query/Builder), 'insert into `us...', Array, 'id')
#4 C:/Users/Acer0/Ash-Shidddiqi/vendor/laravel/framework/src/Illuminate/Database/Eloquent/Builder.php(1982): Illuminate/Database/Query/Builder->insertGetId(Array, 'id')
#5 C:/Users/Acer0/Ash-Shidddiqi/vendor/laravel/framework/src/Illuminate/Database/Eloquent/Model.php(1334): Illuminate/Database/Eloquent/Builder->__call('insertGetId', Array)
#6 C:/Users/Acer0/Ash-Shidddiqi/vendor/laravel/framework/src/Illuminate/Database/Eloquent/Model.php(1299): Illuminate/Database/Eloquent/Model->insertAndSetId(Object(Illuminate/Database/Eloquent/Builder), Array)
#7 C:/Users/Acer0/Ash-Shidddiqi/vendor/laravel/framework/src/Illuminate/Database/Eloquent/Model.php(1138): Illuminate/Database/Eloquent/Model->performInsert(Object(Illuminate/Database/Eloquent/Builder))
#8 C:/Users/Acer0/Ash-Shidddiqi/vendor/laravel/framework/src/Illuminate/Database/Eloquent/Builder.php(1025): Illuminate/Database/Eloquent/Model->save()
#9 C:/Users/Acer0/Ash-Shidddiqi/vendor/laravel/framework/src/Illuminate/Support/helpers.php(320): Illuminate/Database/Eloquent/Builder->Illuminate/Database/Eloquent/{closure}(Object(App/Models/User))
#10 C:/Users/Acer0/Ash-Shidddiqi/vendor/laravel/framework/src/Illuminate/Database/Eloquent/Builder.php(1024): tap(Object(App/Models/User), Object(Closure))
#11 C:/Users/Acer0/Ash-Shidddiqi/vendor/laravel/framework/src/Illuminate/Support/Traits/ForwardsCalls.php(23): Illuminate/Database/Eloquent/Builder->create(Array)
#12 C:/Users/Acer0/Ash-Shidddiqi/vendor/laravel/framework/src/Illuminate/Database/Eloquent/Model.php(2335): Illuminate/Database/Eloquent/Model->forwardCallTo(Object(Illuminate/Database/Eloquent/Builder), 'create', Array)
#13 C:/Users/Acer0/Ash-Shidddiqi/vendor/laravel/framework/src/Illuminate/Database/Eloquent/Model.php(2347): Illuminate/Database/Eloquent/Model->__call('create', Array)
#14 C:/Users/Acer0/Ash-Shidddiqi/database/seeders/DatabaseSeeder.php(73): Illuminate/Database/Eloquent/Model::__callStatic('create', Array)
#15 C:/Users/Acer0/Ash-Shidddiqi/vendor/laravel/framework/src/Illuminate/Container/BoundMethod.php(36): Database/Seeders/DatabaseSeeder->run()
#16 C:/Users/Acer0/Ash-Shidddiqi/vendor/laravel/framework/src/Illuminate/Container/Util.php(41): Illuminate/Container/BoundMethod::Illuminate/Container/{closure}()
#17 C:/Users/Acer0/Ash-Shidddiqi/vendor/laravel/framework/src/Illuminate/Container/BoundMethod.php(93): Illuminate/Container/Util::unwrapIfClosure(Object(Closure))
#18 C:/Users/Acer0/Ash-Shidddiqi/vendor/laravel/framework/src/Illuminate/Container/BoundMethod.php(35): Illuminate/Container/BoundMethod::callBoundMethod(Object(Illuminate/Foundation/Application), Array, Object(Closure))
#19 C:/Users/Acer0/Ash-Shidddiqi/vendor/laravel/framework/src/Illuminate/Container/Container.php(662): Illuminate/Container/BoundMethod::call(Object(Illuminate/Foundation/Application), Array, Array, NULL)
#20 C:/Users/Acer0/Ash-Shidddiqi/vendor/laravel/framework/src/Illuminate/Database/Seeder.php(184): Illuminate/Container/Container->call(Array, Array)
#21 C:/Users/Acer0/Ash-Shidddiqi/vendor/laravel/framework/src/Illuminate/Database/Seeder.php(193): Illuminate/Database/Seeder->Illuminate/Database/{closure}()
#22 C:/Users/Acer0/Ash-Shidddiqi/vendor/laravel/framework/src/Illuminate/Database/Console/Seeds/SeedCommand.php(70): Illuminate/Database/Seeder->__invoke()
#23 C:/Users/Acer0/Ash-Shidddiqi/vendor/laravel/framework/src/Illuminate/Database/Eloquent/Concerns/GuardsAttributes.php(155): Illuminate/Database/Console/Seeds/SeedCommand->Illuminate/Database/Console/Seeds/{closure}()
#24 C:/Users/Acer0/Ash-Shidddiqi/vendor/laravel/framework/src/Illuminate/Database/Console/Seeds/SeedCommand.php(69): Illuminate/Database/Eloquent/Model::unguarded(Object(Closure))
#25 C:/Users/Acer0/Ash-Shidddiqi/vendor/laravel/framework/src/Illuminate/Container/BoundMethod.php(36): Illuminate/Database/Console/Seeds/SeedCommand->handle()
#26 C:/Users/Acer0/Ash-Shidddiqi/vendor/laravel/framework/src/Illuminate/Container/Util.php(41): Illuminate/Container/BoundMethod::Illuminate/Container/{closure}()
#27 C:/Users/Acer0/Ash-Shidddiqi/vendor/laravel/framework/src/Illuminate/Container/BoundMethod.php(93): Illuminate/Container/Util::unwrapIfClosure(Object(Closure))
#28 C:/Users/Acer0/Ash-Shidddiqi/vendor/laravel/framework/src/Illuminate/Container/BoundMethod.php(35): Illuminate/Container/BoundMethod::callBoundMethod(Object(Illuminate/Foundation/Application), Array, Object(Closure))
#29 C:/Users/Acer0/Ash-Shidddiqi/vendor/laravel/framework/src/Illuminate/Container/Container.php(662): Illuminate/Container/BoundMethod::call(Object(Illuminate/Foundation/Application), Array, Array, NULL)
#30 C:/Users/Acer0/Ash-Shidddiqi/vendor/laravel/framework/src/Illuminate/Console/Command.php(211): Illuminate/Container/Container->call(Array)
#31 C:/Users/Acer0/Ash-Shidddiqi/vendor/symfony/console/Command/Command.php(326): Illuminate/Console/Command->execute(Object(Symfony/Component/Console/Input/ArrayInput), Object(Illuminate/Console/OutputStyle))
#32 C:/Users/Acer0/Ash-Shidddiqi/vendor/laravel/framework/src/Illuminate/Console/Command.php(180): Symfony/Component/Console/Command/Command->run(Object(Symfony/Component/Console/Input/ArrayInput), Object(Illuminate/Console/OutputStyle))
#33 C:/Users/Acer0/Ash-Shidddiqi/vendor/laravel/framework/src/Illuminate/Console/Concerns/CallsCommands.php(67): Illuminate/Console/Command->run(Object(Symfony/Component/Console/Input/ArrayInput), Object(Illuminate/Console/OutputStyle))
#34 C:/Users/Acer0/Ash-Shidddiqi/vendor/laravel/framework/src/Illuminate/Console/Concerns/CallsCommands.php(28): Illuminate/Console/Command->runCommand('db:seed', Array, Object(Illuminate/Console/OutputStyle))
#35 C:/Users/Acer0/Ash-Shidddiqi/vendor/laravel/framework/src/Illuminate/Database/Console/Migrations/MigrateCommand.php(99): Illuminate/Console/Command->call('db:seed', Array)
#36 C:/Users/Acer0/Ash-Shidddiqi/vendor/laravel/framework/src/Illuminate/Database/Migrations/Migrator.php(641): Illuminate/Database/Console/Migrations/MigrateCommand->Illuminate/Database/Console/Migrations/{closure}()
#37 C:/Users/Acer0/Ash-Shidddiqi/vendor/laravel/framework/src/Illuminate/Database/Console/Migrations/MigrateCommand.php(83): Illuminate/Database/Migrations/Migrator->usingConnection(NULL, Object(Closure))
#38 C:/Users/Acer0/Ash-Shidddiqi/vendor/laravel/framework/src/Illuminate/Container/BoundMethod.php(36): Illuminate/Database/Console/Migrations/MigrateCommand->handle()
#39 C:/Users/Acer0/Ash-Shidddiqi/vendor/laravel/framework/src/Illuminate/Container/Util.php(41): Illuminate/Container/BoundMethod::Illuminate/Container/{closure}()
#40 C:/Users/Acer0/Ash-Shidddiqi/vendor/laravel/framework/src/Illuminate/Container/BoundMethod.php(93): Illuminate/Container/Util::unwrapIfClosure(Object(Closure))
#41 C:/Users/Acer0/Ash-Shidddiqi/vendor/laravel/framework/src/Illuminate/Container/BoundMethod.php(35): Illuminate/Container/BoundMethod::callBoundMethod(Object(Illuminate/Foundation/Application), Array, Object(Closure))
#42 C:/Users/Acer0/Ash-Shidddiqi/vendor/laravel/framework/src/Illuminate/Container/Container.php(662): Illuminate/Container/BoundMethod::call(Object(Illuminate/Foundation/Application), Array, Array, NULL)
#43 C:/Users/Acer0/Ash-Shidddiqi/vendor/laravel/framework/src/Illuminate/Console/Command.php(211): Illuminate/Container/Container->call(Array)
#44 C:/Users/Acer0/Ash-Shidddiqi/vendor/symfony/console/Command/Command.php(326): Illuminate/Console/Command->execute(Object(Symfony/Component/Console/Input/ArgvInput), Object(Illuminate/Console/OutputStyle))
#45 C:/Users/Acer0/Ash-Shidddiqi/vendor/laravel/framework/src/Illuminate/Console/Command.php(180): Symfony/Component/Console/Command/Command->run(Object(Symfony/Component/Console/Input/ArgvInput), Object(Illuminate/Console/OutputStyle))
#46 C:/Users/Acer0/Ash-Shidddiqi/vendor/symfony/console/Application.php(1121): Illuminate/Console/Command->run(Object(Symfony/Component/Console/Input/ArgvInput), Object(Symfony/Component/Console/Output/ConsoleOutput))
#47 C:/Users/Acer0/Ash-Shidddiqi/vendor/symfony/console/Application.php(324): Symfony/Component/Console/Application->doRunCommand(Object(Illuminate/Database/Console/Migrations/MigrateCommand), Object(Symfony/Component/Console/Input/ArgvInput), Object(Symfony/Component/Console/Output/ConsoleOutput))
#48 C:/Users/Acer0/Ash-Shidddiqi/vendor/symfony/console/Application.php(175): Symfony/Component/Console/Application->doRun(Object(Symfony/Component/Console/Input/ArgvInput), Object(Symfony/Component/Console/Output/ConsoleOutput))
#49 C:/Users/Acer0/Ash-Shidddiqi/vendor/laravel/framework/src/Illuminate/Foundation/Console/Kernel.php(201): Symfony/Component/Console/Application->run(Object(Symfony/Component/Console/Input/ArgvInput), Object(Symfony/Component/Console/Output/ConsoleOutput))
#50 C:/Users/Acer0/Ash-Shidddiqi/artisan(7): Illuminate/Foundation/Console/Kernel->handle(Object(Symfony/Component/Console/Input/ArgvInput), Object(Symfony/Component/Console/Output/ConsoleOutput))
#51 {main}

[previous exception] [object] (PDOException(code: 01000): SQLSTATE[01000]: Warning: 1265 Data truncated for column 'role' at row 1 at C:/Users/Acer0/Ash-Shidddiqi/vendor/laravel/framework/src/Illuminate/Database/MySqlConnection.php:45)
[stacktrace]
#0 C:/Users/Acer0/Ash-Shidddiqi/vendor/laravel/framework/src/Illuminate/Database/MySqlConnection.php(45): PDOStatement->execute()
#1 C:/Users/Acer0/Ash-Shidddiqi/vendor/laravel/framework/src/Illuminate/Database/Connection.php(816): Illuminate/Database/MySqlConnection->Illuminate/Database/{closure}('insert into `us...', Array)
#2 C:/Users/Acer0/Ash-Shidddiqi/vendor/laravel/framework/src/Illuminate/Database/Connection.php(783): Illuminate/Database/Connection->runQueryCallback('insert into `us...', Array, Object(Closure))
#3 C:/Users/Acer0/Ash-Shidddiqi/vendor/laravel/framework/src/Illuminate/Database/MySqlConnection.php(34): Illuminate/Database/Connection->run('insert into `us...', Array, Object(Closure))
#4 C:/Users/Acer0/Ash-Shidddiqi/vendor/laravel/framework/src/Illuminate/Database/Query/Processors/MySqlProcessor.php(35): Illuminate/Database/MySqlConnection->insert('insert into `us...', Array, 'id')
#5 C:/Users/Acer0/Ash-Shidddiqi/vendor/laravel/framework/src/Illuminate/Database/Query/Builder.php(3549): Illuminate/Database/Query/Processors/MySqlProcessor->processInsertGetId(Object(Illuminate/Database/Query/Builder), 'insert into `us...', Array, 'id')
#6 C:/Users/Acer0/Ash-Shidddiqi/vendor/laravel/framework/src/Illuminate/Database/Eloquent/Builder.php(1982): Illuminate/Database/Query/Builder->insertGetId(Array, 'id')
#7 C:/Users/Acer0/Ash-Shidddiqi/vendor/laravel/framework/src/Illuminate/Database/Eloquent/Model.php(1334): Illuminate/Database/Eloquent/Builder->__call('insertGetId', Array)
#8 C:/Users/Acer0/Ash-Shidddiqi/vendor/laravel/framework/src/Illuminate/Database/Eloquent/Model.php(1299): Illuminate/Database/Eloquent/Model->insertAndSetId(Object(Illuminate/Database/Eloquent/Builder), Array)
#9 C:/Users/Acer0/Ash-Shidddiqi/vendor/laravel/framework/src/Illuminate/Database/Eloquent/Model.php(1138): Illuminate/Database/Eloquent/Model->performInsert(Object(Illuminate/Database/Eloquent/Builder))
#10 C:/Users/Acer0/Ash-Shidddiqi/vendor/laravel/framework/src/Illuminate/Database/Eloquent/Builder.php(1025): Illuminate/Database/Eloquent/Model->save()
#11 C:/Users/Acer0/Ash-Shidddiqi/vendor/laravel/framework/src/Illuminate/Support/helpers.php(320): Illuminate/Database/Eloquent/Builder->Illuminate/Database/Eloquent/{closure}(Object(App/Models/User))
#12 C:/Users/Acer0/Ash-Shidddiqi/vendor/laravel/framework/src/Illuminate/Database/Eloquent/Builder.php(1024): tap(Object(App/Models/User), Object(Closure))
#13 C:/Users/Acer0/Ash-Shidddiqi/vendor/laravel/framework/src/Illuminate/Support/Traits/ForwardsCalls.php(23): Illuminate/Database/Eloquent/Builder->create(Array)
#14 C:/Users/Acer0/Ash-Shidddiqi/vendor/laravel/framework/src/Illuminate/Database/Eloquent/Model.php(2335): Illuminate/Database/Eloquent/Model->forwardCallTo(Object(Illuminate/Database/Eloquent/Builder), 'create', Array)
#15 C:/Users/Acer0/Ash-Shidddiqi/vendor/laravel/framework/src/Illuminate/Database/Eloquent/Model.php(2347): Illuminate/Database/Eloquent/Model->__call('create', Array)
#16 C:/Users/Acer0/Ash-Shidddiqi/database/seeders/DatabaseSeeder.php(73): Illuminate/Database/Eloquent/Model::__callStatic('create', Array)
#17 C:/Users/Acer0/Ash-Shidddiqi/vendor/laravel/framework/src/Illuminate/Container/BoundMethod.php(36): Database/Seeders/DatabaseSeeder->run()
#18 C:/Users/Acer0/Ash-Shidddiqi/vendor/laravel/framework/src/Illuminate/Container/Util.php(41): Illuminate/Container/BoundMethod::Illuminate/Container/{closure}()
#19 C:/Users/Acer0/Ash-Shidddiqi/vendor/laravel/framework/src/Illuminate/Container/BoundMethod.php(93): Illuminate/Container/Util::unwrapIfClosure(Object(Closure))
#20 C:/Users/Acer0/Ash-Shidddiqi/vendor/laravel/framework/src/Illuminate/Container/BoundMethod.php(35): Illuminate/Container/BoundMethod::callBoundMethod(Object(Illuminate/Foundation/Application), Array, Object(Closure))
#21 C:/Users/Acer0/Ash-Shidddiqi/vendor/laravel/framework/src/Illuminate/Container/Container.php(662): Illuminate/Container/BoundMethod::call(Object(Illuminate/Foundation/Application), Array, Array, NULL)
#22 C:/Users/Acer0/Ash-Shidddiqi/vendor/laravel/framework/src/Illuminate/Database/Seeder.php(184): Illuminate/Container/Container->call(Array, Array)
#23 C:/Users/Acer0/Ash-Shidddiqi/vendor/laravel/framework/src/Illuminate/Database/Seeder.php(193): Illuminate/Database/Seeder->Illuminate/Database/{closure}()
#24 C:/Users/Acer0/Ash-Shidddiqi/vendor/laravel/framework/src/Illuminate/Database/Console/Seeds/SeedCommand.php(70): Illuminate/Database/Seeder->__invoke()
#25 C:/Users/Acer0/Ash-Shidddiqi/vendor/laravel/framework/src/Illuminate/Database/Eloquent/Concerns/GuardsAttributes.php(155): Illuminate/Database/Console/Seeds/SeedCommand->Illuminate/Database/Console/Seeds/{closure}()
#26 C:/Users/Acer0/Ash-Shidddiqi/vendor/laravel/framework/src/Illuminate/Database/Console/Seeds/SeedCommand.php(69): Illuminate/Database/Eloquent/Model::unguarded(Object(Closure))
#27 C:/Users/Acer0/Ash-Shidddiqi/vendor/laravel/framework/src/Illuminate/Container/BoundMethod.php(36): Illuminate/Database/Console/Seeds/SeedCommand->handle()
#28 C:/Users/Acer0/Ash-Shidddiqi/vendor/laravel/framework/src/Illuminate/Container/Util.php(41): Illuminate/Container/BoundMethod::Illuminate/Container/{closure}()
#29 C:/Users/Acer0/Ash-Shidddiqi/vendor/laravel/framework/src/Illuminate/Container/BoundMethod.php(93): Illuminate/Container/Util::unwrapIfClosure(Object(Closure))
#30 C:/Users/Acer0/Ash-Shidddiqi/vendor/laravel/framework/src/Illuminate/Container/BoundMethod.php(35): Illuminate/Container/BoundMethod::callBoundMethod(Object(Illuminate/Foundation/Application), Array, Object(Closure))
#31 C:/Users/Acer0/Ash-Shidddiqi/vendor/laravel/framework/src/Illuminate/Container/Container.php(662): Illuminate/Container/BoundMethod::call(Object(Illuminate/Foundation/Application), Array, Array, NULL)
#32 C:/Users/Acer0/Ash-Shidddiqi/vendor/laravel/framework/src/Illuminate/Console/Command.php(211): Illuminate/Container/Container->call(Array)
#33 C:/Users/Acer0/Ash-Shidddiqi/vendor/symfony/console/Command/Command.php(326): Illuminate/Console/Command->execute(Object(Symfony/Component/Console/Input/ArrayInput), Object(Illuminate/Console/OutputStyle))
#34 C:/Users/Acer0/Ash-Shidddiqi/vendor/laravel/framework/src/Illuminate/Console/Command.php(180): Symfony/Component/Console/Command/Command->run(Object(Symfony/Component/Console/Input/ArrayInput), Object(Illuminate/Console/OutputStyle))
#35 C:/Users/Acer0/Ash-Shidddiqi/vendor/laravel/framework/src/Illuminate/Console/Concerns/CallsCommands.php(67): Illuminate/Console/Command->run(Object(Symfony/Component/Console/Input/ArrayInput), Object(Illuminate/Console/OutputStyle))
#36 C:/Users/Acer0/Ash-Shidddiqi/vendor/laravel/framework/src/Illuminate/Console/Concerns/CallsCommands.php(28): Illuminate/Console/Command->runCommand('db:seed', Array, Object(Illuminate/Console/OutputStyle))
#37 C:/Users/Acer0/Ash-Shidddiqi/vendor/laravel/framework/src/Illuminate/Database/Console/Migrations/MigrateCommand.php(99): Illuminate/Console/Command->call('db:seed', Array)
#38 C:/Users/Acer0/Ash-Shidddiqi/vendor/laravel/framework/src/Illuminate/Database/Migrations/Migrator.php(641): Illuminate/Database/Console/Migrations/MigrateCommand->Illuminate/Database/Console/Migrations/{closure}()
#39 C:/Users/Acer0/Ash-Shidddiqi/vendor/laravel/framework/src/Illuminate/Database/Console/Migrations/MigrateCommand.php(83): Illuminate/Database/Migrations/Migrator->usingConnection(NULL, Object(Closure))
#40 C:/Users/Acer0/Ash-Shidddiqi/vendor/laravel/framework/src/Illuminate/Container/BoundMethod.php(36): Illuminate/Database/Console/Migrations/MigrateCommand->handle()
#41 C:/Users/Acer0/Ash-Shidddiqi/vendor/laravel/framework/src/Illuminate/Container/Util.php(41): Illuminate/Container/BoundMethod::Illuminate/Container/{closure}()
#42 C:/Users/Acer0/Ash-Shidddiqi/vendor/laravel/framework/src/Illuminate/Container/BoundMethod.php(93): Illuminate/Container/Util::unwrapIfClosure(Object(Closure))
#43 C:/Users/Acer0/Ash-Shidddiqi/vendor/laravel/framework/src/Illuminate/Container/BoundMethod.php(35): Illuminate/Container/BoundMethod::callBoundMethod(Object(Illuminate/Foundation/Application), Array, Object(Closure))
#44 C:/Users/Acer0/Ash-Shidddiqi/vendor/laravel/framework/src/Illuminate/Container/Container.php(662): Illuminate/Container/BoundMethod::call(Object(Illuminate/Foundation/Application), Array, Array, NULL)
#45 C:/Users/Acer0/Ash-Shidddiqi/vendor/laravel/framework/src/Illuminate/Console/Command.php(211): Illuminate/Container/Container->call(Array)
#46 C:/Users/Acer0/Ash-Shidddiqi/vendor/symfony/console/Command/Command.php(326): Illuminate/Console/Command->execute(Object(Symfony/Component/Console/Input/ArgvInput), Object(Illuminate/Console/OutputStyle))
#47 C:/Users/Acer0/Ash-Shidddiqi/vendor/laravel/framework/src/Illuminate/Console/Command.php(180): Symfony/Component/Console/Command/Command->run(Object(Symfony/Component/Console/Input/ArgvInput), Object(Illuminate/Console/OutputStyle))
#48 C:/Users/Acer0/Ash-Shidddiqi/vendor/symfony/console/Application.php(1121): Illuminate/Console/Command->run(Object(Symfony/Component/Console/Input/ArgvInput), Object(Symfony/Component/Console/Output/ConsoleOutput))
#49 C:/Users/Acer0/Ash-Shidddiqi/vendor/symfony/console/Application.php(324): Symfony/Component/Console/Application->doRunCommand(Object(Illuminate/Database/Console/Migrations/MigrateCommand), Object(Symfony/Component/Console/Input/ArgvInput), Object(Symfony/Component/Console/Output/ConsoleOutput))
#50 C:/Users/Acer0/Ash-Shidddiqi/vendor/symfony/console/Application.php(175): Symfony/Component/Console/Application->doRun(Object(Symfony/Component/Console/Input/ArgvInput), Object(Symfony/Component/Console/Output/ConsoleOutput))
#51 C:/Users/Acer0/Ash-Shidddiqi/vendor/laravel/framework/src/Illuminate/Foundation/Console/Kernel.php(201): Symfony/Component/Console/Application->run(Object(Symfony/Component/Console/Input/ArgvInput), Object(Symfony/Component/Console/Output/ConsoleOutput))
#52 C:/Users/Acer0/Ash-Shidddiqi/artisan(7): Illuminate/Foundation/Console/Kernel->handle(Object(Symfony/Component/Console/Input/ArgvInput), Object(Symfony/Component/Console/Output/ConsoleOutput))
#53 {main}
"} 
[2026-04-19 15:32:33] local.ERROR: SQLSTATE[23000]: Integrity constraint violation: 1062 Duplicate entry 'admin' for key 'users_username_unique' (Connection: mysql, SQL: insert into `users` (`username`, `name`, `email`, `phone`, `jabatan`, `unit_kerja`, `role`, `status`, `menu_access`, `password`, `updated_at`, `created_at`) values (admin, Administrator Sistem, admin@simas.sch.id, 081234567890, Administrator, Yayasan, super_admin, aktif, ["dashboard","daftar_aset","pengadaan_aset","persetujuan_pengadaan","perbaikan_aset","manajemen_pengguna"], $2y$12$YEnaNmmiJL6RCLQOrLWwR.iABTBmrOl/EPuwuJ/vuejZDxAikJ5Ia, 2026-04-19 15:32:33, 2026-04-19 15:32:33)) {"exception":"[object] (Illuminate\\Database\\UniqueConstraintViolationException(code: 23000): SQLSTATE[23000]: Integrity constraint violation: 1062 Duplicate entry 'admin' for key 'users_username_unique' (Connection: mysql, SQL: insert into `users` (`username`, `name`, `email`, `phone`, `jabatan`, `unit_kerja`, `role`, `status`, `menu_access`, `password`, `updated_at`, `created_at`) values (admin, Administrator Sistem, admin@simas.sch.id, 081234567890, Administrator, Yayasan, super_admin, aktif, [\"dashboard\",\"daftar_aset\",\"pengadaan_aset\",\"persetujuan_pengadaan\",\"perbaikan_aset\",\"manajemen_pengguna\"], $2y$12$YEnaNmmiJL6RCLQOrLWwR.iABTBmrOl/EPuwuJ/vuejZDxAikJ5Ia, 2026-04-19 15:32:33, 2026-04-19 15:32:33)) at C:/Users/Acer0/Ash-Shidddiqi/vendor/laravel/framework/src/Illuminate/Database/Connection.php:824)
[stacktrace]
#0 C:/Users/Acer0/Ash-Shidddiqi/vendor/laravel/framework/src/Illuminate/Database/Connection.php(783): Illuminate/Database/Connection->runQueryCallback('insert into `us...', Array, Object(Closure))
#1 C:/Users/Acer0/Ash-Shidddiqi/vendor/laravel/framework/src/Illuminate/Database/MySqlConnection.php(34): Illuminate/Database/Connection->run('insert into `us...', Array, Object(Closure))
#2 C:/Users/Acer0/Ash-Shidddiqi/vendor/laravel/framework/src/Illuminate/Database/Query/Processors/MySqlProcessor.php(35): Illuminate/Database/MySqlConnection->insert('insert into `us...', Array, 'id')
#3 C:/Users/Acer0/Ash-Shidddiqi/vendor/laravel/framework/src/Illuminate/Database/Query/Builder.php(3549): Illuminate/Database/Query/Processors/MySqlProcessor->processInsertGetId(Object(Illuminate/Database/Query/Builder), 'insert into `us...', Array, 'id')
#4 C:/Users/Acer0/Ash-Shidddiqi/vendor/laravel/framework/src/Illuminate/Database/Eloquent/Builder.php(1982): Illuminate/Database/Query/Builder->insertGetId(Array, 'id')
#5 C:/Users/Acer0/Ash-Shidddiqi/vendor/laravel/framework/src/Illuminate/Database/Eloquent/Model.php(1334): Illuminate/Database/Eloquent/Builder->__call('insertGetId', Array)
#6 C:/Users/Acer0/Ash-Shidddiqi/vendor/laravel/framework/src/Illuminate/Database/Eloquent/Model.php(1299): Illuminate/Database/Eloquent/Model->insertAndSetId(Object(Illuminate/Database/Eloquent/Builder), Array)
#7 C:/Users/Acer0/Ash-Shidddiqi/vendor/laravel/framework/src/Illuminate/Database/Eloquent/Model.php(1138): Illuminate/Database/Eloquent/Model->performInsert(Object(Illuminate/Database/Eloquent/Builder))
#8 C:/Users/Acer0/Ash-Shidddiqi/vendor/laravel/framework/src/Illuminate/Database/Eloquent/Builder.php(1025): Illuminate/Database/Eloquent/Model->save()
#9 C:/Users/Acer0/Ash-Shidddiqi/vendor/laravel/framework/src/Illuminate/Support/helpers.php(320): Illuminate/Database/Eloquent/Builder->Illuminate/Database/Eloquent/{closure}(Object(App/Models/User))
#10 C:/Users/Acer0/Ash-Shidddiqi/vendor/laravel/framework/src/Illuminate/Database/Eloquent/Builder.php(1024): tap(Object(App/Models/User), Object(Closure))
#11 C:/Users/Acer0/Ash-Shidddiqi/vendor/laravel/framework/src/Illuminate/Support/Traits/ForwardsCalls.php(23): Illuminate/Database/Eloquent/Builder->create(Array)
#12 C:/Users/Acer0/Ash-Shidddiqi/vendor/laravel/framework/src/Illuminate/Database/Eloquent/Model.php(2335): Illuminate/Database/Eloquent/Model->forwardCallTo(Object(Illuminate/Database/Eloquent/Builder), 'create', Array)
#13 C:/Users/Acer0/Ash-Shidddiqi/vendor/laravel/framework/src/Illuminate/Database/Eloquent/Model.php(2347): Illuminate/Database/Eloquent/Model->__call('create', Array)
#14 C:/Users/Acer0/Ash-Shidddiqi/database/seeders/DatabaseSeeder.php(17): Illuminate/Database/Eloquent/Model::__callStatic('create', Array)
#15 C:/Users/Acer0/Ash-Shidddiqi/vendor/laravel/framework/src/Illuminate/Container/BoundMethod.php(36): Database/Seeders/DatabaseSeeder->run()
#16 C:/Users/Acer0/Ash-Shidddiqi/vendor/laravel/framework/src/Illuminate/Container/Util.php(41): Illuminate/Container/BoundMethod::Illuminate/Container/{closure}()
#17 C:/Users/Acer0/Ash-Shidddiqi/vendor/laravel/framework/src/Illuminate/Container/BoundMethod.php(93): Illuminate/Container/Util::unwrapIfClosure(Object(Closure))
#18 C:/Users/Acer0/Ash-Shidddiqi/vendor/laravel/framework/src/Illuminate/Container/BoundMethod.php(35): Illuminate/Container/BoundMethod::callBoundMethod(Object(Illuminate/Foundation/Application), Array, Object(Closure))
#19 C:/Users/Acer0/Ash-Shidddiqi/vendor/laravel/framework/src/Illuminate/Container/Container.php(662): Illuminate/Container/BoundMethod::call(Object(Illuminate/Foundation/Application), Array, Array, NULL)
#20 C:/Users/Acer0/Ash-Shidddiqi/vendor/laravel/framework/src/Illuminate/Database/Seeder.php(184): Illuminate/Container/Container->call(Array, Array)
#21 C:/Users/Acer0/Ash-Shidddiqi/vendor/laravel/framework/src/Illuminate/Database/Seeder.php(193): Illuminate/Database/Seeder->Illuminate/Database/{closure}()
#22 C:/Users/Acer0/Ash-Shidddiqi/vendor/laravel/framework/src/Illuminate/Database/Console/Seeds/SeedCommand.php(70): Illuminate/Database/Seeder->__invoke()
#23 C:/Users/Acer0/Ash-Shidddiqi/vendor/laravel/framework/src/Illuminate/Database/Eloquent/Concerns/GuardsAttributes.php(155): Illuminate/Database/Console/Seeds/SeedCommand->Illuminate/Database/Console/Seeds/{closure}()
#24 C:/Users/Acer0/Ash-Shidddiqi/vendor/laravel/framework/src/Illuminate/Database/Console/Seeds/SeedCommand.php(69): Illuminate/Database/Eloquent/Model::unguarded(Object(Closure))
#25 C:/Users/Acer0/Ash-Shidddiqi/vendor/laravel/framework/src/Illuminate/Container/BoundMethod.php(36): Illuminate/Database/Console/Seeds/SeedCommand->handle()
#26 C:/Users/Acer0/Ash-Shidddiqi/vendor/laravel/framework/src/Illuminate/Container/Util.php(41): Illuminate/Container/BoundMethod::Illuminate/Container/{closure}()
#27 C:/Users/Acer0/Ash-Shidddiqi/vendor/laravel/framework/src/Illuminate/Container/BoundMethod.php(93): Illuminate/Container/Util::unwrapIfClosure(Object(Closure))
#28 C:/Users/Acer0/Ash-Shidddiqi/vendor/laravel/framework/src/Illuminate/Container/BoundMethod.php(35): Illuminate/Container/BoundMethod::callBoundMethod(Object(Illuminate/Foundation/Application), Array, Object(Closure))
#29 C:/Users/Acer0/Ash-Shidddiqi/vendor/laravel/framework/src/Illuminate/Container/Container.php(662): Illuminate/Container/BoundMethod::call(Object(Illuminate/Foundation/Application), Array, Array, NULL)
#30 C:/Users/Acer0/Ash-Shidddiqi/vendor/laravel/framework/src/Illuminate/Console/Command.php(211): Illuminate/Container/Container->call(Array)
#31 C:/Users/Acer0/Ash-Shidddiqi/vendor/symfony/console/Command/Command.php(326): Illuminate/Console/Command->execute(Object(Symfony/Component/Console/Input/ArrayInput), Object(Illuminate/Console/OutputStyle))
#32 C:/Users/Acer0/Ash-Shidddiqi/vendor/laravel/framework/src/Illuminate/Console/Command.php(180): Symfony/Component/Console/Command/Command->run(Object(Symfony/Component/Console/Input/ArrayInput), Object(Illuminate/Console/OutputStyle))
#33 C:/Users/Acer0/Ash-Shidddiqi/vendor/laravel/framework/src/Illuminate/Console/Concerns/CallsCommands.php(67): Illuminate/Console/Command->run(Object(Symfony/Component/Console/Input/ArrayInput), Object(Illuminate/Console/OutputStyle))
#34 C:/Users/Acer0/Ash-Shidddiqi/vendor/laravel/framework/src/Illuminate/Console/Concerns/CallsCommands.php(28): Illuminate/Console/Command->runCommand('db:seed', Array, Object(Illuminate/Console/OutputStyle))
#35 C:/Users/Acer0/Ash-Shidddiqi/vendor/laravel/framework/src/Illuminate/Database/Console/Migrations/MigrateCommand.php(99): Illuminate/Console/Command->call('db:seed', Array)
#36 C:/Users/Acer0/Ash-Shidddiqi/vendor/laravel/framework/src/Illuminate/Database/Migrations/Migrator.php(641): Illuminate/Database/Console/Migrations/MigrateCommand->Illuminate/Database/Console/Migrations/{closure}()
#37 C:/Users/Acer0/Ash-Shidddiqi/vendor/laravel/framework/src/Illuminate/Database/Console/Migrations/MigrateCommand.php(83): Illuminate/Database/Migrations/Migrator->usingConnection(NULL, Object(Closure))
#38 C:/Users/Acer0/Ash-Shidddiqi/vendor/laravel/framework/src/Illuminate/Container/BoundMethod.php(36): Illuminate/Database/Console/Migrations/MigrateCommand->handle()
#39 C:/Users/Acer0/Ash-Shidddiqi/vendor/laravel/framework/src/Illuminate/Container/Util.php(41): Illuminate/Container/BoundMethod::Illuminate/Container/{closure}()
#40 C:/Users/Acer0/Ash-Shidddiqi/vendor/laravel/framework/src/Illuminate/Container/BoundMethod.php(93): Illuminate/Container/Util::unwrapIfClosure(Object(Closure))
#41 C:/Users/Acer0/Ash-Shidddiqi/vendor/laravel/framework/src/Illuminate/Container/BoundMethod.php(35): Illuminate/Container/BoundMethod::callBoundMethod(Object(Illuminate/Foundation/Application), Array, Object(Closure))
#42 C:/Users/Acer0/Ash-Shidddiqi/vendor/laravel/framework/src/Illuminate/Container/Container.php(662): Illuminate/Container/BoundMethod::call(Object(Illuminate/Foundation/Application), Array, Array, NULL)
#43 C:/Users/Acer0/Ash-Shidddiqi/vendor/laravel/framework/src/Illuminate/Console/Command.php(211): Illuminate/Container/Container->call(Array)
#44 C:/Users/Acer0/Ash-Shidddiqi/vendor/symfony/console/Command/Command.php(326): Illuminate/Console/Command->execute(Object(Symfony/Component/Console/Input/ArgvInput), Object(Illuminate/Console/OutputStyle))
#45 C:/Users/Acer0/Ash-Shidddiqi/vendor/laravel/framework/src/Illuminate/Console/Command.php(180): Symfony/Component/Console/Command/Command->run(Object(Symfony/Component/Console/Input/ArgvInput), Object(Illuminate/Console/OutputStyle))
#46 C:/Users/Acer0/Ash-Shidddiqi/vendor/symfony/console/Application.php(1121): Illuminate/Console/Command->run(Object(Symfony/Component/Console/Input/ArgvInput), Object(Symfony/Component/Console/Output/ConsoleOutput))
#47 C:/Users/Acer0/Ash-Shidddiqi/vendor/symfony/console/Application.php(324): Symfony/Component/Console/Application->doRunCommand(Object(Illuminate/Database/Console/Migrations/MigrateCommand), Object(Symfony/Component/Console/Input/ArgvInput), Object(Symfony/Component/Console/Output/ConsoleOutput))
#48 C:/Users/Acer0/Ash-Shidddiqi/vendor/symfony/console/Application.php(175): Symfony/Component/Console/Application->doRun(Object(Symfony/Component/Console/Input/ArgvInput), Object(Symfony/Component/Console/Output/ConsoleOutput))
#49 C:/Users/Acer0/Ash-Shidddiqi/vendor/laravel/framework/src/Illuminate/Foundation/Console/Kernel.php(201): Symfony/Component/Console/Application->run(Object(Symfony/Component/Console/Input/ArgvInput), Object(Symfony/Component/Console/Output/ConsoleOutput))
#50 C:/Users/Acer0/Ash-Shidddiqi/artisan(7): Illuminate/Foundation/Console/Kernel->handle(Object(Symfony/Component/Console/Input/ArgvInput), Object(Symfony/Component/Console/Output/ConsoleOutput))
#51 {main}

[previous exception] [object] (PDOException(code: 23000): SQLSTATE[23000]: Integrity constraint violation: 1062 Duplicate entry 'admin' for key 'users_username_unique' at C:/Users/Acer0/Ash-Shidddiqi/vendor/laravel/framework/src/Illuminate/Database/MySqlConnection.php:45)
[stacktrace]
#0 C:/Users/Acer0/Ash-Shidddiqi/vendor/laravel/framework/src/Illuminate/Database/MySqlConnection.php(45): PDOStatement->execute()
#1 C:/Users/Acer0/Ash-Shidddiqi/vendor/laravel/framework/src/Illuminate/Database/Connection.php(816): Illuminate/Database/MySqlConnection->Illuminate/Database/{closure}('insert into `us...', Array)
#2 C:/Users/Acer0/Ash-Shidddiqi/vendor/laravel/framework/src/Illuminate/Database/Connection.php(783): Illuminate/Database/Connection->runQueryCallback('insert into `us...', Array, Object(Closure))
#3 C:/Users/Acer0/Ash-Shidddiqi/vendor/laravel/framework/src/Illuminate/Database/MySqlConnection.php(34): Illuminate/Database/Connection->run('insert into `us...', Array, Object(Closure))
#4 C:/Users/Acer0/Ash-Shidddiqi/vendor/laravel/framework/src/Illuminate/Database/Query/Processors/MySqlProcessor.php(35): Illuminate/Database/MySqlConnection->insert('insert into `us...', Array, 'id')
#5 C:/Users/Acer0/Ash-Shidddiqi/vendor/laravel/framework/src/Illuminate/Database/Query/Builder.php(3549): Illuminate/Database/Query/Processors/MySqlProcessor->processInsertGetId(Object(Illuminate/Database/Query/Builder), 'insert into `us...', Array, 'id')
#6 C:/Users/Acer0/Ash-Shidddiqi/vendor/laravel/framework/src/Illuminate/Database/Eloquent/Builder.php(1982): Illuminate/Database/Query/Builder->insertGetId(Array, 'id')
#7 C:/Users/Acer0/Ash-Shidddiqi/vendor/laravel/framework/src/Illuminate/Database/Eloquent/Model.php(1334): Illuminate/Database/Eloquent/Builder->__call('insertGetId', Array)
#8 C:/Users/Acer0/Ash-Shidddiqi/vendor/laravel/framework/src/Illuminate/Database/Eloquent/Model.php(1299): Illuminate/Database/Eloquent/Model->insertAndSetId(Object(Illuminate/Database/Eloquent/Builder), Array)
#9 C:/Users/Acer0/Ash-Shidddiqi/vendor/laravel/framework/src/Illuminate/Database/Eloquent/Model.php(1138): Illuminate/Database/Eloquent/Model->performInsert(Object(Illuminate/Database/Eloquent/Builder))
#10 C:/Users/Acer0/Ash-Shidddiqi/vendor/laravel/framework/src/Illuminate/Database/Eloquent/Builder.php(1025): Illuminate/Database/Eloquent/Model->save()
#11 C:/Users/Acer0/Ash-Shidddiqi/vendor/laravel/framework/src/Illuminate/Support/helpers.php(320): Illuminate/Database/Eloquent/Builder->Illuminate/Database/Eloquent/{closure}(Object(App/Models/User))
#12 C:/Users/Acer0/Ash-Shidddiqi/vendor/laravel/framework/src/Illuminate/Database/Eloquent/Builder.php(1024): tap(Object(App/Models/User), Object(Closure))
#13 C:/Users/Acer0/Ash-Shidddiqi/vendor/laravel/framework/src/Illuminate/Support/Traits/ForwardsCalls.php(23): Illuminate/Database/Eloquent/Builder->create(Array)
#14 C:/Users/Acer0/Ash-Shidddiqi/vendor/laravel/framework/src/Illuminate/Database/Eloquent/Model.php(2335): Illuminate/Database/Eloquent/Model->forwardCallTo(Object(Illuminate/Database/Eloquent/Builder), 'create', Array)
#15 C:/Users/Acer0/Ash-Shidddiqi/vendor/laravel/framework/src/Illuminate/Database/Eloquent/Model.php(2347): Illuminate/Database/Eloquent/Model->__call('create', Array)
#16 C:/Users/Acer0/Ash-Shidddiqi/database/seeders/DatabaseSeeder.php(17): Illuminate/Database/Eloquent/Model::__callStatic('create', Array)
#17 C:/Users/Acer0/Ash-Shidddiqi/vendor/laravel/framework/src/Illuminate/Container/BoundMethod.php(36): Database/Seeders/DatabaseSeeder->run()
#18 C:/Users/Acer0/Ash-Shidddiqi/vendor/laravel/framework/src/Illuminate/Container/Util.php(41): Illuminate/Container/BoundMethod::Illuminate/Container/{closure}()
#19 C:/Users/Acer0/Ash-Shidddiqi/vendor/laravel/framework/src/Illuminate/Container/BoundMethod.php(93): Illuminate/Container/Util::unwrapIfClosure(Object(Closure))
#20 C:/Users/Acer0/Ash-Shidddiqi/vendor/laravel/framework/src/Illuminate/Container/BoundMethod.php(35): Illuminate/Container/BoundMethod::callBoundMethod(Object(Illuminate/Foundation/Application), Array, Object(Closure))
#21 C:/Users/Acer0/Ash-Shidddiqi/vendor/laravel/framework/src/Illuminate/Container/Container.php(662): Illuminate/Container/BoundMethod::call(Object(Illuminate/Foundation/Application), Array, Array, NULL)
#22 C:/Users/Acer0/Ash-Shidddiqi/vendor/laravel/framework/src/Illuminate/Database/Seeder.php(184): Illuminate/Container/Container->call(Array, Array)
#23 C:/Users/Acer0/Ash-Shidddiqi/vendor/laravel/framework/src/Illuminate/Database/Seeder.php(193): Illuminate/Database/Seeder->Illuminate/Database/{closure}()
#24 C:/Users/Acer0/Ash-Shidddiqi/vendor/laravel/framework/src/Illuminate/Database/Console/Seeds/SeedCommand.php(70): Illuminate/Database/Seeder->__invoke()
#25 C:/Users/Acer0/Ash-Shidddiqi/vendor/laravel/framework/src/Illuminate/Database/Eloquent/Concerns/GuardsAttributes.php(155): Illuminate/Database/Console/Seeds/SeedCommand->Illuminate/Database/Console/Seeds/{closure}()
#26 C:/Users/Acer0/Ash-Shidddiqi/vendor/laravel/framework/src/Illuminate/Database/Console/Seeds/SeedCommand.php(69): Illuminate/Database/Eloquent/Model::unguarded(Object(Closure))
#27 C:/Users/Acer0/Ash-Shidddiqi/vendor/laravel/framework/src/Illuminate/Container/BoundMethod.php(36): Illuminate/Database/Console/Seeds/SeedCommand->handle()
#28 C:/Users/Acer0/Ash-Shidddiqi/vendor/laravel/framework/src/Illuminate/Container/Util.php(41): Illuminate/Container/BoundMethod::Illuminate/Container/{closure}()
#29 C:/Users/Acer0/Ash-Shidddiqi/vendor/laravel/framework/src/Illuminate/Container/BoundMethod.php(93): Illuminate/Container/Util::unwrapIfClosure(Object(Closure))
#30 C:/Users/Acer0/Ash-Shidddiqi/vendor/laravel/framework/src/Illuminate/Container/BoundMethod.php(35): Illuminate/Container/BoundMethod::callBoundMethod(Object(Illuminate/Foundation/Application), Array, Object(Closure))
#31 C:/Users/Acer0/Ash-Shidddiqi/vendor/laravel/framework/src/Illuminate/Container/Container.php(662): Illuminate/Container/BoundMethod::call(Object(Illuminate/Foundation/Application), Array, Array, NULL)
#32 C:/Users/Acer0/Ash-Shidddiqi/vendor/laravel/framework/src/Illuminate/Console/Command.php(211): Illuminate/Container/Container->call(Array)
#33 C:/Users/Acer0/Ash-Shidddiqi/vendor/symfony/console/Command/Command.php(326): Illuminate/Console/Command->execute(Object(Symfony/Component/Console/Input/ArrayInput), Object(Illuminate/Console/OutputStyle))
#34 C:/Users/Acer0/Ash-Shidddiqi/vendor/laravel/framework/src/Illuminate/Console/Command.php(180): Symfony/Component/Console/Command/Command->run(Object(Symfony/Component/Console/Input/ArrayInput), Object(Illuminate/Console/OutputStyle))
#35 C:/Users/Acer0/Ash-Shidddiqi/vendor/laravel/framework/src/Illuminate/Console/Concerns/CallsCommands.php(67): Illuminate/Console/Command->run(Object(Symfony/Component/Console/Input/ArrayInput), Object(Illuminate/Console/OutputStyle))
#36 C:/Users/Acer0/Ash-Shidddiqi/vendor/laravel/framework/src/Illuminate/Console/Concerns/CallsCommands.php(28): Illuminate/Console/Command->runCommand('db:seed', Array, Object(Illuminate/Console/OutputStyle))
#37 C:/Users/Acer0/Ash-Shidddiqi/vendor/laravel/framework/src/Illuminate/Database/Console/Migrations/MigrateCommand.php(99): Illuminate/Console/Command->call('db:seed', Array)
#38 C:/Users/Acer0/Ash-Shidddiqi/vendor/laravel/framework/src/Illuminate/Database/Migrations/Migrator.php(641): Illuminate/Database/Console/Migrations/MigrateCommand->Illuminate/Database/Console/Migrations/{closure}()
#39 C:/Users/Acer0/Ash-Shidddiqi/vendor/laravel/framework/src/Illuminate/Database/Console/Migrations/MigrateCommand.php(83): Illuminate/Database/Migrations/Migrator->usingConnection(NULL, Object(Closure))
#40 C:/Users/Acer0/Ash-Shidddiqi/vendor/laravel/framework/src/Illuminate/Container/BoundMethod.php(36): Illuminate/Database/Console/Migrations/MigrateCommand->handle()
#41 C:/Users/Acer0/Ash-Shidddiqi/vendor/laravel/framework/src/Illuminate/Container/Util.php(41): Illuminate/Container/BoundMethod::Illuminate/Container/{closure}()
#42 C:/Users/Acer0/Ash-Shidddiqi/vendor/laravel/framework/src/Illuminate/Container/BoundMethod.php(93): Illuminate/Container/Util::unwrapIfClosure(Object(Closure))
#43 C:/Users/Acer0/Ash-Shidddiqi/vendor/laravel/framework/src/Illuminate/Container/BoundMethod.php(35): Illuminate/Container/BoundMethod::callBoundMethod(Object(Illuminate/Foundation/Application), Array, Object(Closure))
#44 C:/Users/Acer0/Ash-Shidddiqi/vendor/laravel/framework/src/Illuminate/Container/Container.php(662): Illuminate/Container/BoundMethod::call(Object(Illuminate/Foundation/Application), Array, Array, NULL)
#45 C:/Users/Acer0/Ash-Shidddiqi/vendor/laravel/framework/src/Illuminate/Console/Command.php(211): Illuminate/Container/Container->call(Array)
#46 C:/Users/Acer0/Ash-Shidddiqi/vendor/symfony/console/Command/Command.php(326): Illuminate/Console/Command->execute(Object(Symfony/Component/Console/Input/ArgvInput), Object(Illuminate/Console/OutputStyle))
#47 C:/Users/Acer0/Ash-Shidddiqi/vendor/laravel/framework/src/Illuminate/Console/Command.php(180): Symfony/Component/Console/Command/Command->run(Object(Symfony/Component/Console/Input/ArgvInput), Object(Illuminate/Console/OutputStyle))
#48 C:/Users/Acer0/Ash-Shidddiqi/vendor/symfony/console/Application.php(1121): Illuminate/Console/Command->run(Object(Symfony/Component/Console/Input/ArgvInput), Object(Symfony/Component/Console/Output/ConsoleOutput))
#49 C:/Users/Acer0/Ash-Shidddiqi/vendor/symfony/console/Application.php(324): Symfony/Component/Console/Application->doRunCommand(Object(Illuminate/Database/Console/Migrations/MigrateCommand), Object(Symfony/Component/Console/Input/ArgvInput), Object(Symfony/Component/Console/Output/ConsoleOutput))
#50 C:/Users/Acer0/Ash-Shidddiqi/vendor/symfony/console/Application.php(175): Symfony/Component/Console/Application->doRun(Object(Symfony/Component/Console/Input/ArgvInput), Object(Symfony/Component/Console/Output/ConsoleOutput))
#51 C:/Users/Acer0/Ash-Shidddiqi/vendor/laravel/framework/src/Illuminate/Foundation/Console/Kernel.php(201): Symfony/Component/Console/Application->run(Object(Symfony/Component/Console/Input/ArgvInput), Object(Symfony/Component/Console/Output/ConsoleOutput))
#52 C:/Users/Acer0/Ash-Shidddiqi/artisan(7): Illuminate/Foundation/Console/Kernel->handle(Object(Symfony/Component/Console/Input/ArgvInput), Object(Symfony/Component/Console/Output/ConsoleOutput))
#53 {main}
"} 
[2026-04-19 15:33:41] local.ERROR: Illuminate\View\FileViewFinder::__construct(): Argument #2 ($paths) must be of type array, null given, called in C:\Users\Acer0\Ash-Shidddiqi\vendor\laravel\framework\src\Illuminate\View\ViewServiceProvider.php on line 85 {"exception":"[object] (TypeError(code: 0): Illuminate\\View\\FileViewFinder::__construct(): Argument #2 ($paths) must be of type array, null given, called in C:\\Users\\Acer0\\Ash-Shidddiqi\\vendor\\laravel\\framework\\src\\Illuminate\\View\\ViewServiceProvider.php on line 85 at C:/Users/Acer0/Ash-Shidddiqi/vendor/laravel/framework/src/Illuminate/View/FileViewFinder.php:53)
[stacktrace]
#0 C:/Users/Acer0/Ash-Shidddiqi/vendor/laravel/framework/src/Illuminate/View/ViewServiceProvider.php(85): Illuminate/View/FileViewFinder->__construct(Object(Illuminate/Filesystem/Filesystem), NULL)
#1 C:/Users/Acer0/Ash-Shidddiqi/vendor/laravel/framework/src/Illuminate/Container/Container.php(908): Illuminate/View/ViewServiceProvider->Illuminate/View/{closure}(Object(Illuminate/Foundation/Application), Array)
#2 C:/Users/Acer0/Ash-Shidddiqi/vendor/laravel/framework/src/Illuminate/Container/Container.php(795): Illuminate/Container/Container->build(Object(Closure))
#3 C:/Users/Acer0/Ash-Shidddiqi/vendor/laravel/framework/src/Illuminate/Foundation/Application.php(986): Illuminate/Container/Container->resolve('view.finder', Array, true)
#4 C:/Users/Acer0/Ash-Shidddiqi/vendor/laravel/framework/src/Illuminate/Container/Container.php(731): Illuminate/Foundation/Application->resolve('view.finder', Array)
#5 C:/Users/Acer0/Ash-Shidddiqi/vendor/laravel/framework/src/Illuminate/Foundation/Application.php(971): Illuminate/Container/Container->make('view.finder', Array)
#6 C:/Users/Acer0/Ash-Shidddiqi/vendor/laravel/framework/src/Illuminate/Container/Container.php(1454): Illuminate/Foundation/Application->make('view.finder')
#7 C:/Users/Acer0/Ash-Shidddiqi/vendor/laravel/framework/src/Illuminate/View/ViewServiceProvider.php(45): Illuminate/Container/Container->offsetGet('view.finder')
#8 C:/Users/Acer0/Ash-Shidddiqi/vendor/laravel/framework/src/Illuminate/Container/Container.php(908): Illuminate/View/ViewServiceProvider->Illuminate/View/{closure}(Object(Illuminate/Foundation/Application), Array)
#9 C:/Users/Acer0/Ash-Shidddiqi/vendor/laravel/framework/src/Illuminate/Container/Container.php(795): Illuminate/Container/Container->build(Object(Closure))
#10 C:/Users/Acer0/Ash-Shidddiqi/vendor/laravel/framework/src/Illuminate/Foundation/Application.php(986): Illuminate/Container/Container->resolve('view', Array, true)
#11 C:/Users/Acer0/Ash-Shidddiqi/vendor/laravel/framework/src/Illuminate/Container/Container.php(731): Illuminate/Foundation/Application->resolve('view', Array)
#12 C:/Users/Acer0/Ash-Shidddiqi/vendor/laravel/framework/src/Illuminate/Foundation/Application.php(971): Illuminate/Container/Container->make('view', Array)
#13 C:/Users/Acer0/Ash-Shidddiqi/vendor/laravel/framework/src/Illuminate/Container/Container.php(1066): Illuminate/Foundation/Application->make('view')
#14 C:/Users/Acer0/Ash-Shidddiqi/vendor/laravel/framework/src/Illuminate/Container/Container.php(982): Illuminate/Container/Container->resolveClass(Object(ReflectionParameter))
#15 C:/Users/Acer0/Ash-Shidddiqi/vendor/laravel/framework/src/Illuminate/Container/Container.php(943): Illuminate/Container/Container->resolveDependencies(Array)
#16 C:/Users/Acer0/Ash-Shidddiqi/vendor/laravel/framework/src/Illuminate/Container/Container.php(795): Illuminate/Container/Container->build('Illuminate//View...')
#17 C:/Users/Acer0/Ash-Shidddiqi/vendor/laravel/framework/src/Illuminate/Foundation/Application.php(986): Illuminate/Container/Container->resolve('Illuminate//View...', Array, true)
#18 C:/Users/Acer0/Ash-Shidddiqi/vendor/laravel/framework/src/Illuminate/Container/Container.php(731): Illuminate/Foundation/Application->resolve('Illuminate//View...', Array)
#19 C:/Users/Acer0/Ash-Shidddiqi/vendor/laravel/framework/src/Illuminate/Foundation/Application.php(971): Illuminate/Container/Container->make('Illuminate//View...', Array)
#20 C:/Users/Acer0/Ash-Shidddiqi/vendor/laravel/framework/src/Illuminate/Pipeline/Pipeline.php(172): Illuminate/Foundation/Application->make('Illuminate//View...')
#21 C:/Users/Acer0/Ash-Shidddiqi/vendor/laravel/framework/src/Illuminate/Session/Middleware/StartSession.php(121): Illuminate/Pipeline/Pipeline->Illuminate/Pipeline/{closure}(Object(Illuminate/Http/Request))
#22 C:/Users/Acer0/Ash-Shidddiqi/vendor/laravel/framework/src/Illuminate/Session/Middleware/StartSession.php(64): Illuminate/Session/Middleware/StartSession->handleStatefulRequest(Object(Illuminate/Http/Request), Object(Illuminate/Session/Store), Object(Closure))
#23 C:/Users/Acer0/Ash-Shidddiqi/vendor/laravel/framework/src/Illuminate/Pipeline/Pipeline.php(183): Illuminate/Session/Middleware/StartSession->handle(Object(Illuminate/Http/Request), Object(Closure))
#24 C:/Users/Acer0/Ash-Shidddiqi/vendor/laravel/framework/src/Illuminate/Cookie/Middleware/AddQueuedCookiesToResponse.php(37): Illuminate/Pipeline/Pipeline->Illuminate/Pipeline/{closure}(Object(Illuminate/Http/Request))
#25 C:/Users/Acer0/Ash-Shidddiqi/vendor/laravel/framework/src/Illuminate/Pipeline/Pipeline.php(183): Illuminate/Cookie/Middleware/AddQueuedCookiesToResponse->handle(Object(Illuminate/Http/Request), Object(Closure))
#26 C:/Users/Acer0/Ash-Shidddiqi/vendor/laravel/framework/src/Illuminate/Cookie/Middleware/EncryptCookies.php(67): Illuminate/Pipeline/Pipeline->Illuminate/Pipeline/{closure}(Object(Illuminate/Http/Request))
#27 C:/Users/Acer0/Ash-Shidddiqi/vendor/laravel/framework/src/Illuminate/Pipeline/Pipeline.php(183): Illuminate/Cookie/Middleware/EncryptCookies->handle(Object(Illuminate/Http/Request), Object(Closure))
#28 C:/Users/Acer0/Ash-Shidddiqi/vendor/laravel/framework/src/Illuminate/Pipeline/Pipeline.php(119): Illuminate/Pipeline/Pipeline->Illuminate/Pipeline/{closure}(Object(Illuminate/Http/Request))
#29 C:/Users/Acer0/Ash-Shidddiqi/vendor/laravel/framework/src/Illuminate/Routing/Router.php(805): Illuminate/Pipeline/Pipeline->then(Object(Closure))
#30 C:/Users/Acer0/Ash-Shidddiqi/vendor/laravel/framework/src/Illuminate/Routing/Router.php(784): Illuminate/Routing/Router->runRouteWithinStack(Object(Illuminate/Routing/Route), Object(Illuminate/Http/Request))
#31 C:/Users/Acer0/Ash-Shidddiqi/vendor/laravel/framework/src/Illuminate/Routing/Router.php(748): Illuminate/Routing/Router->runRoute(Object(Illuminate/Http/Request), Object(Illuminate/Routing/Route))
#32 C:/Users/Acer0/Ash-Shidddiqi/vendor/laravel/framework/src/Illuminate/Routing/Router.php(737): Illuminate/Routing/Router->dispatchToRoute(Object(Illuminate/Http/Request))
#33 C:/Users/Acer0/Ash-Shidddiqi/vendor/laravel/framework/src/Illuminate/Foundation/Http/Kernel.php(200): Illuminate/Routing/Router->dispatch(Object(Illuminate/Http/Request))
#34 C:/Users/Acer0/Ash-Shidddiqi/vendor/laravel/framework/src/Illuminate/Pipeline/Pipeline.php(144): Illuminate/Foundation/Http/Kernel->Illuminate/Foundation/Http/{closure}(Object(Illuminate/Http/Request))
#35 C:/Users/Acer0/Ash-Shidddiqi/vendor/laravel/framework/src/Illuminate/Foundation/Http/Middleware/TransformsRequest.php(21): Illuminate/Pipeline/Pipeline->Illuminate/Pipeline/{closure}(Object(Illuminate/Http/Request))
#36 C:/Users/Acer0/Ash-Shidddiqi/vendor/laravel/framework/src/Illuminate/Foundation/Http/Middleware/ConvertEmptyStringsToNull.php(31): Illuminate/Foundation/Http/Middleware/TransformsRequest->handle(Object(Illuminate/Http/Request), Object(Closure))
#37 C:/Users/Acer0/Ash-Shidddiqi/vendor/laravel/framework/src/Illuminate/Pipeline/Pipeline.php(183): Illuminate/Foundation/Http/Middleware/ConvertEmptyStringsToNull->handle(Object(Illuminate/Http/Request), Object(Closure))
#38 C:/Users/Acer0/Ash-Shidddiqi/vendor/laravel/framework/src/Illuminate/Foundation/Http/Middleware/TransformsRequest.php(21): Illuminate/Pipeline/Pipeline->Illuminate/Pipeline/{closure}(Object(Illuminate/Http/Request))
#39 C:/Users/Acer0/Ash-Shidddiqi/vendor/laravel/framework/src/Illuminate/Foundation/Http/Middleware/TrimStrings.php(40): Illuminate/Foundation/Http/Middleware/TransformsRequest->handle(Object(Illuminate/Http/Request), Object(Closure))
#40 C:/Users/Acer0/Ash-Shidddiqi/vendor/laravel/framework/src/Illuminate/Pipeline/Pipeline.php(183): Illuminate/Foundation/Http/Middleware/TrimStrings->handle(Object(Illuminate/Http/Request), Object(Closure))
#41 C:/Users/Acer0/Ash-Shidddiqi/vendor/laravel/framework/src/Illuminate/Foundation/Http/Middleware/ValidatePostSize.php(27): Illuminate/Pipeline/Pipeline->Illuminate/Pipeline/{closure}(Object(Illuminate/Http/Request))
#42 C:/Users/Acer0/Ash-Shidddiqi/vendor/laravel/framework/src/Illuminate/Pipeline/Pipeline.php(183): Illuminate/Foundation/Http/Middleware/ValidatePostSize->handle(Object(Illuminate/Http/Request), Object(Closure))
#43 C:/Users/Acer0/Ash-Shidddiqi/vendor/laravel/framework/src/Illuminate/Foundation/Http/Middleware/PreventRequestsDuringMaintenance.php(99): Illuminate/Pipeline/Pipeline->Illuminate/Pipeline/{closure}(Object(Illuminate/Http/Request))
#44 C:/Users/Acer0/Ash-Shidddiqi/vendor/laravel/framework/src/Illuminate/Pipeline/Pipeline.php(183): Illuminate/Foundation/Http/Middleware/PreventRequestsDuringMaintenance->handle(Object(Illuminate/Http/Request), Object(Closure))
#45 C:/Users/Acer0/Ash-Shidddiqi/vendor/laravel/framework/src/Illuminate/Http/Middleware/HandleCors.php(49): Illuminate/Pipeline/Pipeline->Illuminate/Pipeline/{closure}(Object(Illuminate/Http/Request))
#46 C:/Users/Acer0/Ash-Shidddiqi/vendor/laravel/framework/src/Illuminate/Pipeline/Pipeline.php(183): Illuminate/Http/Middleware/HandleCors->handle(Object(Illuminate/Http/Request), Object(Closure))
#47 C:/Users/Acer0/Ash-Shidddiqi/vendor/laravel/framework/src/Illuminate/Http/Middleware/TrustProxies.php(39): Illuminate/Pipeline/Pipeline->Illuminate/Pipeline/{closure}(Object(Illuminate/Http/Request))
#48 C:/Users/Acer0/Ash-Shidddiqi/vendor/laravel/framework/src/Illuminate/Pipeline/Pipeline.php(183): Illuminate/Http/Middleware/TrustProxies->handle(Object(Illuminate/Http/Request), Object(Closure))
#49 C:/Users/Acer0/Ash-Shidddiqi/vendor/laravel/framework/src/Illuminate/Pipeline/Pipeline.php(119): Illuminate/Pipeline/Pipeline->Illuminate/Pipeline/{closure}(Object(Illuminate/Http/Request))
#50 C:/Users/Acer0/Ash-Shidddiqi/vendor/laravel/framework/src/Illuminate/Foundation/Http/Kernel.php(175): Illuminate/Pipeline/Pipeline->then(Object(Closure))
#51 C:/Users/Acer0/Ash-Shidddiqi/vendor/laravel/framework/src/Illuminate/Foundation/Http/Kernel.php(144): Illuminate/Foundation/Http/Kernel->sendRequestThroughRouter(Object(Illuminate/Http/Request))
#52 C:/Users/Acer0/Ash-Shidddiqi/public/index.php(9): Illuminate/Foundation/Http/Kernel->handle(Object(Illuminate/Http/Request))
#53 C:/Users/Acer0/Ash-Shidddiqi/vendor/laravel/framework/src/Illuminate/Foundation/resources/server.php(16): require_once('C://Users//Acer0//...')
#54 {main}
"} 
[2026-04-19 15:33:43] local.ERROR: Illuminate\View\FileViewFinder::__construct(): Argument #2 ($paths) must be of type array, null given, called in C:\Users\Acer0\Ash-Shidddiqi\vendor\laravel\framework\src\Illuminate\View\ViewServiceProvider.php on line 85 {"exception":"[object] (TypeError(code: 0): Illuminate\\View\\FileViewFinder::__construct(): Argument #2 ($paths) must be of type array, null given, called in C:\\Users\\Acer0\\Ash-Shidddiqi\\vendor\\laravel\\framework\\src\\Illuminate\\View\\ViewServiceProvider.php on line 85 at C:/Users/Acer0/Ash-Shidddiqi/vendor/laravel/framework/src/Illuminate/View/FileViewFinder.php:53)
[stacktrace]
#0 C:/Users/Acer0/Ash-Shidddiqi/vendor/laravel/framework/src/Illuminate/View/ViewServiceProvider.php(85): Illuminate/View/FileViewFinder->__construct(Object(Illuminate/Filesystem/Filesystem), NULL)
#1 C:/Users/Acer0/Ash-Shidddiqi/vendor/laravel/framework/src/Illuminate/Container/Container.php(908): Illuminate/View/ViewServiceProvider->Illuminate/View/{closure}(Object(Illuminate/Foundation/Application), Array)
#2 C:/Users/Acer0/Ash-Shidddiqi/vendor/laravel/framework/src/Illuminate/Container/Container.php(795): Illuminate/Container/Container->build(Object(Closure))
#3 C:/Users/Acer0/Ash-Shidddiqi/vendor/laravel/framework/src/Illuminate/Foundation/Application.php(986): Illuminate/Container/Container->resolve('view.finder', Array, true)
#4 C:/Users/Acer0/Ash-Shidddiqi/vendor/laravel/framework/src/Illuminate/Container/Container.php(731): Illuminate/Foundation/Application->resolve('view.finder', Array)
#5 C:/Users/Acer0/Ash-Shidddiqi/vendor/laravel/framework/src/Illuminate/Foundation/Application.php(971): Illuminate/Container/Container->make('view.finder', Array)
#6 C:/Users/Acer0/Ash-Shidddiqi/vendor/laravel/framework/src/Illuminate/Container/Container.php(1454): Illuminate/Foundation/Application->make('view.finder')
#7 C:/Users/Acer0/Ash-Shidddiqi/vendor/laravel/framework/src/Illuminate/View/ViewServiceProvider.php(45): Illuminate/Container/Container->offsetGet('view.finder')
#8 C:/Users/Acer0/Ash-Shidddiqi/vendor/laravel/framework/src/Illuminate/Container/Container.php(908): Illuminate/View/ViewServiceProvider->Illuminate/View/{closure}(Object(Illuminate/Foundation/Application), Array)
#9 C:/Users/Acer0/Ash-Shidddiqi/vendor/laravel/framework/src/Illuminate/Container/Container.php(795): Illuminate/Container/Container->build(Object(Closure))
#10 C:/Users/Acer0/Ash-Shidddiqi/vendor/laravel/framework/src/Illuminate/Foundation/Application.php(986): Illuminate/Container/Container->resolve('view', Array, true)
#11 C:/Users/Acer0/Ash-Shidddiqi/vendor/laravel/framework/src/Illuminate/Container/Container.php(731): Illuminate/Foundation/Application->resolve('view', Array)
#12 C:/Users/Acer0/Ash-Shidddiqi/vendor/laravel/framework/src/Illuminate/Foundation/Application.php(971): Illuminate/Container/Container->make('view', Array)
#13 C:/Users/Acer0/Ash-Shidddiqi/vendor/laravel/framework/src/Illuminate/Container/Container.php(1066): Illuminate/Foundation/Application->make('view')
#14 C:/Users/Acer0/Ash-Shidddiqi/vendor/laravel/framework/src/Illuminate/Container/Container.php(982): Illuminate/Container/Container->resolveClass(Object(ReflectionParameter))
#15 C:/Users/Acer0/Ash-Shidddiqi/vendor/laravel/framework/src/Illuminate/Container/Container.php(943): Illuminate/Container/Container->resolveDependencies(Array)
#16 C:/Users/Acer0/Ash-Shidddiqi/vendor/laravel/framework/src/Illuminate/Container/Container.php(795): Illuminate/Container/Container->build('Illuminate//View...')
#17 C:/Users/Acer0/Ash-Shidddiqi/vendor/laravel/framework/src/Illuminate/Foundation/Application.php(986): Illuminate/Container/Container->resolve('Illuminate//View...', Array, true)
#18 C:/Users/Acer0/Ash-Shidddiqi/vendor/laravel/framework/src/Illuminate/Container/Container.php(731): Illuminate/Foundation/Application->resolve('Illuminate//View...', Array)
#19 C:/Users/Acer0/Ash-Shidddiqi/vendor/laravel/framework/src/Illuminate/Foundation/Application.php(971): Illuminate/Container/Container->make('Illuminate//View...', Array)
#20 C:/Users/Acer0/Ash-Shidddiqi/vendor/laravel/framework/src/Illuminate/Foundation/Http/Kernel.php(255): Illuminate/Foundation/Application->make('Illuminate//View...')
#21 C:/Users/Acer0/Ash-Shidddiqi/vendor/laravel/framework/src/Illuminate/Foundation/Http/Kernel.php(213): Illuminate/Foundation/Http/Kernel->terminateMiddleware(Object(Illuminate/Http/Request), Object(Illuminate/Http/Response))
#22 C:/Users/Acer0/Ash-Shidddiqi/public/index.php(10): Illuminate/Foundation/Http/Kernel->terminate(Object(Illuminate/Http/Request), Object(Illuminate/Http/Response))
#23 C:/Users/Acer0/Ash-Shidddiqi/vendor/laravel/framework/src/Illuminate/Foundation/resources/server.php(16): require_once('C://Users//Acer0//...')
#24 {main}
"} 
[2026-04-19 15:35:17] local.ERROR: Class "App\Http\Controllers\Controller" not found {"exception":"[object] (Error(code: 0): Class \"App\\Http\\Controllers\\Controller\" not found at C:/Users/Acer0/Ash-Shidddiqi/app/Http/Controllers/AuthController.php:10)
[stacktrace]
#0 C:/Users/Acer0/Ash-Shidddiqi/vendor/composer/ClassLoader.php(576): include()
#1 C:/Users/Acer0/Ash-Shidddiqi/vendor/composer/ClassLoader.php(427): Composer/Autoload/{closure}('C://Users//Acer0//...')
#2 [internal function]: Composer/Autoload/ClassLoader->loadClass('App//Http//Contro...')
#3 C:/Users/Acer0/Ash-Shidddiqi/vendor/laravel/framework/src/Illuminate/Routing/Route.php(1096): is_a('App//Http//Contro...', 'Illuminate//Rout...', true)
#4 C:/Users/Acer0/Ash-Shidddiqi/vendor/laravel/framework/src/Illuminate/Routing/Route.php(1035): Illuminate/Routing/Route->controllerMiddleware()
#5 C:/Users/Acer0/Ash-Shidddiqi/vendor/laravel/framework/src/Illuminate/Routing/Router.php(818): Illuminate/Routing/Route->gatherMiddleware()
#6 C:/Users/Acer0/Ash-Shidddiqi/vendor/laravel/framework/src/Illuminate/Routing/Router.php(800): Illuminate/Routing/Router->gatherRouteMiddleware(Object(Illuminate/Routing/Route))
#7 C:/Users/Acer0/Ash-Shidddiqi/vendor/laravel/framework/src/Illuminate/Routing/Router.php(784): Illuminate/Routing/Router->runRouteWithinStack(Object(Illuminate/Routing/Route), Object(Illuminate/Http/Request))
#8 C:/Users/Acer0/Ash-Shidddiqi/vendor/laravel/framework/src/Illuminate/Routing/Router.php(748): Illuminate/Routing/Router->runRoute(Object(Illuminate/Http/Request), Object(Illuminate/Routing/Route))
#9 C:/Users/Acer0/Ash-Shidddiqi/vendor/laravel/framework/src/Illuminate/Routing/Router.php(737): Illuminate/Routing/Router->dispatchToRoute(Object(Illuminate/Http/Request))
#10 C:/Users/Acer0/Ash-Shidddiqi/vendor/laravel/framework/src/Illuminate/Foundation/Http/Kernel.php(200): Illuminate/Routing/Router->dispatch(Object(Illuminate/Http/Request))
#11 C:/Users/Acer0/Ash-Shidddiqi/vendor/laravel/framework/src/Illuminate/Pipeline/Pipeline.php(144): Illuminate/Foundation/Http/Kernel->Illuminate/Foundation/Http/{closure}(Object(Illuminate/Http/Request))
#12 C:/Users/Acer0/Ash-Shidddiqi/vendor/laravel/framework/src/Illuminate/Foundation/Http/Middleware/TransformsRequest.php(21): Illuminate/Pipeline/Pipeline->Illuminate/Pipeline/{closure}(Object(Illuminate/Http/Request))
#13 C:/Users/Acer0/Ash-Shidddiqi/vendor/laravel/framework/src/Illuminate/Foundation/Http/Middleware/ConvertEmptyStringsToNull.php(31): Illuminate/Foundation/Http/Middleware/TransformsRequest->handle(Object(Illuminate/Http/Request), Object(Closure))
#14 C:/Users/Acer0/Ash-Shidddiqi/vendor/laravel/framework/src/Illuminate/Pipeline/Pipeline.php(183): Illuminate/Foundation/Http/Middleware/ConvertEmptyStringsToNull->handle(Object(Illuminate/Http/Request), Object(Closure))
#15 C:/Users/Acer0/Ash-Shidddiqi/vendor/laravel/framework/src/Illuminate/Foundation/Http/Middleware/TransformsRequest.php(21): Illuminate/Pipeline/Pipeline->Illuminate/Pipeline/{closure}(Object(Illuminate/Http/Request))
#16 C:/Users/Acer0/Ash-Shidddiqi/vendor/laravel/framework/src/Illuminate/Foundation/Http/Middleware/TrimStrings.php(40): Illuminate/Foundation/Http/Middleware/TransformsRequest->handle(Object(Illuminate/Http/Request), Object(Closure))
#17 C:/Users/Acer0/Ash-Shidddiqi/vendor/laravel/framework/src/Illuminate/Pipeline/Pipeline.php(183): Illuminate/Foundation/Http/Middleware/TrimStrings->handle(Object(Illuminate/Http/Request), Object(Closure))
#18 C:/Users/Acer0/Ash-Shidddiqi/vendor/laravel/framework/src/Illuminate/Foundation/Http/Middleware/ValidatePostSize.php(27): Illuminate/Pipeline/Pipeline->Illuminate/Pipeline/{closure}(Object(Illuminate/Http/Request))
#19 C:/Users/Acer0/Ash-Shidddiqi/vendor/laravel/framework/src/Illuminate/Pipeline/Pipeline.php(183): Illuminate/Foundation/Http/Middleware/ValidatePostSize->handle(Object(Illuminate/Http/Request), Object(Closure))
#20 C:/Users/Acer0/Ash-Shidddiqi/vendor/laravel/framework/src/Illuminate/Foundation/Http/Middleware/PreventRequestsDuringMaintenance.php(99): Illuminate/Pipeline/Pipeline->Illuminate/Pipeline/{closure}(Object(Illuminate/Http/Request))
#21 C:/Users/Acer0/Ash-Shidddiqi/vendor/laravel/framework/src/Illuminate/Pipeline/Pipeline.php(183): Illuminate/Foundation/Http/Middleware/PreventRequestsDuringMaintenance->handle(Object(Illuminate/Http/Request), Object(Closure))
#22 C:/Users/Acer0/Ash-Shidddiqi/vendor/laravel/framework/src/Illuminate/Http/Middleware/HandleCors.php(49): Illuminate/Pipeline/Pipeline->Illuminate/Pipeline/{closure}(Object(Illuminate/Http/Request))
#23 C:/Users/Acer0/Ash-Shidddiqi/vendor/laravel/framework/src/Illuminate/Pipeline/Pipeline.php(183): Illuminate/Http/Middleware/HandleCors->handle(Object(Illuminate/Http/Request), Object(Closure))
#24 C:/Users/Acer0/Ash-Shidddiqi/vendor/laravel/framework/src/Illuminate/Http/Middleware/TrustProxies.php(39): Illuminate/Pipeline/Pipeline->Illuminate/Pipeline/{closure}(Object(Illuminate/Http/Request))
#25 C:/Users/Acer0/Ash-Shidddiqi/vendor/laravel/framework/src/Illuminate/Pipeline/Pipeline.php(183): Illuminate/Http/Middleware/TrustProxies->handle(Object(Illuminate/Http/Request), Object(Closure))
#26 C:/Users/Acer0/Ash-Shidddiqi/vendor/laravel/framework/src/Illuminate/Pipeline/Pipeline.php(119): Illuminate/Pipeline/Pipeline->Illuminate/Pipeline/{closure}(Object(Illuminate/Http/Request))
#27 C:/Users/Acer0/Ash-Shidddiqi/vendor/laravel/framework/src/Illuminate/Foundation/Http/Kernel.php(175): Illuminate/Pipeline/Pipeline->then(Object(Closure))
#28 C:/Users/Acer0/Ash-Shidddiqi/vendor/laravel/framework/src/Illuminate/Foundation/Http/Kernel.php(144): Illuminate/Foundation/Http/Kernel->sendRequestThroughRouter(Object(Illuminate/Http/Request))
#29 C:/Users/Acer0/Ash-Shidddiqi/public/index.php(9): Illuminate/Foundation/Http/Kernel->handle(Object(Illuminate/Http/Request))
#30 C:/Users/Acer0/Ash-Shidddiqi/vendor/laravel/framework/src/Illuminate/Foundation/resources/server.php(16): require_once('C://Users//Acer0//...')
#31 {main}
"} 
[2026-04-19 16:03:11] local.ERROR: compact(): Undefined variable $assets {"userId":1,"exception":"[object] (ErrorException(code: 0): compact(): Undefined variable $assets at C:/Users/Acer0/Ash-Shidddiqi/app/Http/Controllers/AssetController.php:42)
[stacktrace]
#0 C:/Users/Acer0/Ash-Shidddiqi/vendor/laravel/framework/src/Illuminate/Foundation/Bootstrap/HandleExceptions.php(255): Illuminate/Foundation/Bootstrap/HandleExceptions->handleError(2, 'compact(): Unde...', 'C://Users//Acer0//...', 42)
#1 [internal function]: Illuminate/Foundation/Bootstrap/HandleExceptions->Illuminate/Foundation/Bootstrap/{closure}(2, 'compact(): Unde...', 'C://Users//Acer0//...', 42)
#2 C:/Users/Acer0/Ash-Shidddiqi/app/Http/Controllers/AssetController.php(42): compact('assets', 'categories', 'units')
#3 C:/Users/Acer0/Ash-Shidddiqi/vendor/laravel/framework/src/Illuminate/Routing/Controller.php(54): App/Http/Controllers/AssetController->index(Object(Illuminate/Http/Request))
#4 C:/Users/Acer0/Ash-Shidddiqi/vendor/laravel/framework/src/Illuminate/Routing/ControllerDispatcher.php(43): Illuminate/Routing/Controller->callAction('index', Array)
#5 C:/Users/Acer0/Ash-Shidddiqi/vendor/laravel/framework/src/Illuminate/Routing/Route.php(259): Illuminate/Routing/ControllerDispatcher->dispatch(Object(Illuminate/Routing/Route), Object(App/Http/Controllers/AssetController), 'index')
#6 C:/Users/Acer0/Ash-Shidddiqi/vendor/laravel/framework/src/Illuminate/Routing/Route.php(205): Illuminate/Routing/Route->runController()
#7 C:/Users/Acer0/Ash-Shidddiqi/vendor/laravel/framework/src/Illuminate/Routing/Router.php(806): Illuminate/Routing/Route->run()
#8 C:/Users/Acer0/Ash-Shidddiqi/vendor/laravel/framework/src/Illuminate/Pipeline/Pipeline.php(144): Illuminate/Routing/Router->Illuminate/Routing/{closure}(Object(Illuminate/Http/Request))
#9 C:/Users/Acer0/Ash-Shidddiqi/app/Http/Middleware/CheckMenuAccess.php(28): Illuminate/Pipeline/Pipeline->Illuminate/Pipeline/{closure}(Object(Illuminate/Http/Request))
#10 C:/Users/Acer0/Ash-Shidddiqi/vendor/laravel/framework/src/Illuminate/Pipeline/Pipeline.php(183): App/Http/Middleware/CheckMenuAccess->handle(Object(Illuminate/Http/Request), Object(Closure), 'daftar_aset')
#11 C:/Users/Acer0/Ash-Shidddiqi/vendor/laravel/framework/src/Illuminate/Routing/Middleware/SubstituteBindings.php(50): Illuminate/Pipeline/Pipeline->Illuminate/Pipeline/{closure}(Object(Illuminate/Http/Request))
#12 C:/Users/Acer0/Ash-Shidddiqi/vendor/laravel/framework/src/Illuminate/Pipeline/Pipeline.php(183): Illuminate/Routing/Middleware/SubstituteBindings->handle(Object(Illuminate/Http/Request), Object(Closure))
#13 C:/Users/Acer0/Ash-Shidddiqi/vendor/laravel/framework/src/Illuminate/Auth/Middleware/Authenticate.php(57): Illuminate/Pipeline/Pipeline->Illuminate/Pipeline/{closure}(Object(Illuminate/Http/Request))
#14 C:/Users/Acer0/Ash-Shidddiqi/vendor/laravel/framework/src/Illuminate/Pipeline/Pipeline.php(183): Illuminate/Auth/Middleware/Authenticate->handle(Object(Illuminate/Http/Request), Object(Closure))
#15 C:/Users/Acer0/Ash-Shidddiqi/vendor/laravel/framework/src/Illuminate/Foundation/Http/Middleware/VerifyCsrfToken.php(78): Illuminate/Pipeline/Pipeline->Illuminate/Pipeline/{closure}(Object(Illuminate/Http/Request))
#16 C:/Users/Acer0/Ash-Shidddiqi/vendor/laravel/framework/src/Illuminate/Pipeline/Pipeline.php(183): Illuminate/Foundation/Http/Middleware/VerifyCsrfToken->handle(Object(Illuminate/Http/Request), Object(Closure))
#17 C:/Users/Acer0/Ash-Shidddiqi/vendor/laravel/framework/src/Illuminate/View/Middleware/ShareErrorsFromSession.php(49): Illuminate/Pipeline/Pipeline->Illuminate/Pipeline/{closure}(Object(Illuminate/Http/Request))
#18 C:/Users/Acer0/Ash-Shidddiqi/vendor/laravel/framework/src/Illuminate/Pipeline/Pipeline.php(183): Illuminate/View/Middleware/ShareErrorsFromSession->handle(Object(Illuminate/Http/Request), Object(Closure))
#19 C:/Users/Acer0/Ash-Shidddiqi/vendor/laravel/framework/src/Illuminate/Session/Middleware/StartSession.php(121): Illuminate/Pipeline/Pipeline->Illuminate/Pipeline/{closure}(Object(Illuminate/Http/Request))
#20 C:/Users/Acer0/Ash-Shidddiqi/vendor/laravel/framework/src/Illuminate/Session/Middleware/StartSession.php(64): Illuminate/Session/Middleware/StartSession->handleStatefulRequest(Object(Illuminate/Http/Request), Object(Illuminate/Session/Store), Object(Closure))
#21 C:/Users/Acer0/Ash-Shidddiqi/vendor/laravel/framework/src/Illuminate/Pipeline/Pipeline.php(183): Illuminate/Session/Middleware/StartSession->handle(Object(Illuminate/Http/Request), Object(Closure))
#22 C:/Users/Acer0/Ash-Shidddiqi/vendor/laravel/framework/src/Illuminate/Cookie/Middleware/AddQueuedCookiesToResponse.php(37): Illuminate/Pipeline/Pipeline->Illuminate/Pipeline/{closure}(Object(Illuminate/Http/Request))
#23 C:/Users/Acer0/Ash-Shidddiqi/vendor/laravel/framework/src/Illuminate/Pipeline/Pipeline.php(183): Illuminate/Cookie/Middleware/AddQueuedCookiesToResponse->handle(Object(Illuminate/Http/Request), Object(Closure))
#24 C:/Users/Acer0/Ash-Shidddiqi/vendor/laravel/framework/src/Illuminate/Cookie/Middleware/EncryptCookies.php(67): Illuminate/Pipeline/Pipeline->Illuminate/Pipeline/{closure}(Object(Illuminate/Http/Request))
#25 C:/Users/Acer0/Ash-Shidddiqi/vendor/laravel/framework/src/Illuminate/Pipeline/Pipeline.php(183): Illuminate/Cookie/Middleware/EncryptCookies->handle(Object(Illuminate/Http/Request), Object(Closure))
#26 C:/Users/Acer0/Ash-Shidddiqi/vendor/laravel/framework/src/Illuminate/Pipeline/Pipeline.php(119): Illuminate/Pipeline/Pipeline->Illuminate/Pipeline/{closure}(Object(Illuminate/Http/Request))
#27 C:/Users/Acer0/Ash-Shidddiqi/vendor/laravel/framework/src/Illuminate/Routing/Router.php(805): Illuminate/Pipeline/Pipeline->then(Object(Closure))
#28 C:/Users/Acer0/Ash-Shidddiqi/vendor/laravel/framework/src/Illuminate/Routing/Router.php(784): Illuminate/Routing/Router->runRouteWithinStack(Object(Illuminate/Routing/Route), Object(Illuminate/Http/Request))
#29 C:/Users/Acer0/Ash-Shidddiqi/vendor/laravel/framework/src/Illuminate/Routing/Router.php(748): Illuminate/Routing/Router->runRoute(Object(Illuminate/Http/Request), Object(Illuminate/Routing/Route))
#30 C:/Users/Acer0/Ash-Shidddiqi/vendor/laravel/framework/src/Illuminate/Routing/Router.php(737): Illuminate/Routing/Router->dispatchToRoute(Object(Illuminate/Http/Request))
#31 C:/Users/Acer0/Ash-Shidddiqi/vendor/laravel/framework/src/Illuminate/Foundation/Http/Kernel.php(200): Illuminate/Routing/Router->dispatch(Object(Illuminate/Http/Request))
#32 C:/Users/Acer0/Ash-Shidddiqi/vendor/laravel/framework/src/Illuminate/Pipeline/Pipeline.php(144): Illuminate/Foundation/Http/Kernel->Illuminate/Foundation/Http/{closure}(Object(Illuminate/Http/Request))
#33 C:/Users/Acer0/Ash-Shidddiqi/vendor/laravel/framework/src/Illuminate/Foundation/Http/Middleware/TransformsRequest.php(21): Illuminate/Pipeline/Pipeline->Illuminate/Pipeline/{closure}(Object(Illuminate/Http/Request))
#34 C:/Users/Acer0/Ash-Shidddiqi/vendor/laravel/framework/src/Illuminate/Foundation/Http/Middleware/ConvertEmptyStringsToNull.php(31): Illuminate/Foundation/Http/Middleware/TransformsRequest->handle(Object(Illuminate/Http/Request), Object(Closure))
#35 C:/Users/Acer0/Ash-Shidddiqi/vendor/laravel/framework/src/Illuminate/Pipeline/Pipeline.php(183): Illuminate/Foundation/Http/Middleware/ConvertEmptyStringsToNull->handle(Object(Illuminate/Http/Request), Object(Closure))
#36 C:/Users/Acer0/Ash-Shidddiqi/vendor/laravel/framework/src/Illuminate/Foundation/Http/Middleware/TransformsRequest.php(21): Illuminate/Pipeline/Pipeline->Illuminate/Pipeline/{closure}(Object(Illuminate/Http/Request))
#37 C:/Users/Acer0/Ash-Shidddiqi/vendor/laravel/framework/src/Illuminate/Foundation/Http/Middleware/TrimStrings.php(40): Illuminate/Foundation/Http/Middleware/TransformsRequest->handle(Object(Illuminate/Http/Request), Object(Closure))
#38 C:/Users/Acer0/Ash-Shidddiqi/vendor/laravel/framework/src/Illuminate/Pipeline/Pipeline.php(183): Illuminate/Foundation/Http/Middleware/TrimStrings->handle(Object(Illuminate/Http/Request), Object(Closure))
#39 C:/Users/Acer0/Ash-Shidddiqi/vendor/laravel/framework/src/Illuminate/Foundation/Http/Middleware/ValidatePostSize.php(27): Illuminate/Pipeline/Pipeline->Illuminate/Pipeline/{closure}(Object(Illuminate/Http/Request))
#40 C:/Users/Acer0/Ash-Shidddiqi/vendor/laravel/framework/src/Illuminate/Pipeline/Pipeline.php(183): Illuminate/Foundation/Http/Middleware/ValidatePostSize->handle(Object(Illuminate/Http/Request), Object(Closure))
#41 C:/Users/Acer0/Ash-Shidddiqi/vendor/laravel/framework/src/Illuminate/Foundation/Http/Middleware/PreventRequestsDuringMaintenance.php(99): Illuminate/Pipeline/Pipeline->Illuminate/Pipeline/{closure}(Object(Illuminate/Http/Request))
#42 C:/Users/Acer0/Ash-Shidddiqi/vendor/laravel/framework/src/Illuminate/Pipeline/Pipeline.php(183): Illuminate/Foundation/Http/Middleware/PreventRequestsDuringMaintenance->handle(Object(Illuminate/Http/Request), Object(Closure))
#43 C:/Users/Acer0/Ash-Shidddiqi/vendor/laravel/framework/src/Illuminate/Http/Middleware/HandleCors.php(49): Illuminate/Pipeline/Pipeline->Illuminate/Pipeline/{closure}(Object(Illuminate/Http/Request))
#44 C:/Users/Acer0/Ash-Shidddiqi/vendor/laravel/framework/src/Illuminate/Pipeline/Pipeline.php(183): Illuminate/Http/Middleware/HandleCors->handle(Object(Illuminate/Http/Request), Object(Closure))
#45 C:/Users/Acer0/Ash-Shidddiqi/vendor/laravel/framework/src/Illuminate/Http/Middleware/TrustProxies.php(39): Illuminate/Pipeline/Pipeline->Illuminate/Pipeline/{closure}(Object(Illuminate/Http/Request))
#46 C:/Users/Acer0/Ash-Shidddiqi/vendor/laravel/framework/src/Illuminate/Pipeline/Pipeline.php(183): Illuminate/Http/Middleware/TrustProxies->handle(Object(Illuminate/Http/Request), Object(Closure))
#47 C:/Users/Acer0/Ash-Shidddiqi/vendor/laravel/framework/src/Illuminate/Pipeline/Pipeline.php(119): Illuminate/Pipeline/Pipeline->Illuminate/Pipeline/{closure}(Object(Illuminate/Http/Request))
#48 C:/Users/Acer0/Ash-Shidddiqi/vendor/laravel/framework/src/Illuminate/Foundation/Http/Kernel.php(175): Illuminate/Pipeline/Pipeline->then(Object(Closure))
#49 C:/Users/Acer0/Ash-Shidddiqi/vendor/laravel/framework/src/Illuminate/Foundation/Http/Kernel.php(144): Illuminate/Foundation/Http/Kernel->sendRequestThroughRouter(Object(Illuminate/Http/Request))
#50 C:/Users/Acer0/Ash-Shidddiqi/public/index.php(9): Illuminate/Foundation/Http/Kernel->handle(Object(Illuminate/Http/Request))
#51 C:/Users/Acer0/Ash-Shidddiqi/vendor/laravel/framework/src/Illuminate/Foundation/resources/server.php(16): require_once('C://Users//Acer0//...')
#52 {main}
"} 
[2026-04-26 19:57:19] local.INFO: Update user request {"user_id":9,"auth_user_id":1,"auth_role":"super_admin","old_status":"nonaktif","new_status":"aktif","status_changed":true} 
[2026-04-28 18:49:23] local.INFO: Update user request {"user_id":9,"auth_user_id":1,"auth_role":"super_admin","old_status":"nonaktif","new_status":"aktif","status_changed":true,"request_data":{"_token":"JXJok1gC9HCJUNDD5M8uFYTh64SA9beI2QWeU2Yt","_method":"PUT","username":"Smaragita","email":"azizzel027@gmail.com","name":"Smaragita","role":"user","status":"aktif","jabatan":"Santri","unit_kerja":"SMA","password":"password","password_confirmation":null,"menu_access":["dashboard","perbaikan_aset"]}} 
[2026-04-28 18:49:23] local.ERROR: Error updating user {"error":"The password field confirmation does not match.","user_id":9} 
[2026-04-28 18:54:26] local.INFO: Update user request {"user_id":9,"auth_user_id":1,"auth_role":"super_admin","old_status":"nonaktif","new_status":"aktif","status_changed":true,"request_data":{"_token":"JXJok1gC9HCJUNDD5M8uFYTh64SA9beI2QWeU2Yt","_method":"PUT","username":"Smaragita","email":"azizzel027@gmail.com","name":"Smaragita","role":"user","status":"aktif","jabatan":"Santri","unit_kerja":"SMA","password":null,"password_confirmation":null,"menu_access":["dashboard","perbaikan_aset"]}} 
[2026-04-28 18:54:27] local.INFO: Validation passed {"validated_data":{"username":"Smaragita","name":"Smaragita","email":"azizzel027@gmail.com","jabatan":"Santri","unit_kerja":"SMA","role":"user","status":"aktif","menu_access":["dashboard","perbaikan_aset"]}} 
[2026-04-28 18:54:27] local.ERROR: Error updating user {"error":"Undefined array key \"phone\"","user_id":9} 
[2026-04-28 18:54:27] local.ERROR: Undefined array key "phone" {"userId":1,"exception":"[object] (ErrorException(code: 0): Undefined array key \"phone\" at C:/Users/Acer0/Ash-Shidddiqi/app/Http/Controllers/UserController.php:124)
[stacktrace]
#0 C:/Users/Acer0/Ash-Shidddiqi/vendor/laravel/framework/src/Illuminate/Foundation/Bootstrap/HandleExceptions.php(255): Illuminate/Foundation/Bootstrap/HandleExceptions->handleError(2, 'Undefined array...', 'C://Users//Acer0//...', 124)
#1 C:/Users/Acer0/Ash-Shidddiqi/app/Http/Controllers/UserController.php(124): Illuminate/Foundation/Bootstrap/HandleExceptions->Illuminate/Foundation/Bootstrap/{closure}(2, 'Undefined array...', 'C://Users//Acer0//...', 124)
#2 C:/Users/Acer0/Ash-Shidddiqi/vendor/laravel/framework/src/Illuminate/Routing/Controller.php(54): App/Http/Controllers/UserController->update(Object(Illuminate/Http/Request), Object(App/Models/User))
#3 C:/Users/Acer0/Ash-Shidddiqi/vendor/laravel/framework/src/Illuminate/Routing/ControllerDispatcher.php(43): Illuminate/Routing/Controller->callAction('update', Array)
#4 C:/Users/Acer0/Ash-Shidddiqi/vendor/laravel/framework/src/Illuminate/Routing/Route.php(259): Illuminate/Routing/ControllerDispatcher->dispatch(Object(Illuminate/Routing/Route), Object(App/Http/Controllers/UserController), 'update')
#5 C:/Users/Acer0/Ash-Shidddiqi/vendor/laravel/framework/src/Illuminate/Routing/Route.php(205): Illuminate/Routing/Route->runController()
#6 C:/Users/Acer0/Ash-Shidddiqi/vendor/laravel/framework/src/Illuminate/Routing/Router.php(806): Illuminate/Routing/Route->run()
#7 C:/Users/Acer0/Ash-Shidddiqi/vendor/laravel/framework/src/Illuminate/Pipeline/Pipeline.php(144): Illuminate/Routing/Router->Illuminate/Routing/{closure}(Object(Illuminate/Http/Request))
#8 C:/Users/Acer0/Ash-Shidddiqi/app/Http/Middleware/CheckMenuAccess.php(28): Illuminate/Pipeline/Pipeline->Illuminate/Pipeline/{closure}(Object(Illuminate/Http/Request))
#9 C:/Users/Acer0/Ash-Shidddiqi/vendor/laravel/framework/src/Illuminate/Pipeline/Pipeline.php(183): App/Http/Middleware/CheckMenuAccess->handle(Object(Illuminate/Http/Request), Object(Closure), 'manajemen_pengg...')
#10 C:/Users/Acer0/Ash-Shidddiqi/vendor/laravel/framework/src/Illuminate/Routing/Middleware/SubstituteBindings.php(50): Illuminate/Pipeline/Pipeline->Illuminate/Pipeline/{closure}(Object(Illuminate/Http/Request))
#11 C:/Users/Acer0/Ash-Shidddiqi/vendor/laravel/framework/src/Illuminate/Pipeline/Pipeline.php(183): Illuminate/Routing/Middleware/SubstituteBindings->handle(Object(Illuminate/Http/Request), Object(Closure))
#12 C:/Users/Acer0/Ash-Shidddiqi/vendor/laravel/framework/src/Illuminate/Auth/Middleware/Authenticate.php(57): Illuminate/Pipeline/Pipeline->Illuminate/Pipeline/{closure}(Object(Illuminate/Http/Request))
#13 C:/Users/Acer0/Ash-Shidddiqi/vendor/laravel/framework/src/Illuminate/Pipeline/Pipeline.php(183): Illuminate/Auth/Middleware/Authenticate->handle(Object(Illuminate/Http/Request), Object(Closure))
#14 C:/Users/Acer0/Ash-Shidddiqi/vendor/laravel/framework/src/Illuminate/Foundation/Http/Middleware/VerifyCsrfToken.php(78): Illuminate/Pipeline/Pipeline->Illuminate/Pipeline/{closure}(Object(Illuminate/Http/Request))
#15 C:/Users/Acer0/Ash-Shidddiqi/vendor/laravel/framework/src/Illuminate/Pipeline/Pipeline.php(183): Illuminate/Foundation/Http/Middleware/VerifyCsrfToken->handle(Object(Illuminate/Http/Request), Object(Closure))
#16 C:/Users/Acer0/Ash-Shidddiqi/vendor/laravel/framework/src/Illuminate/View/Middleware/ShareErrorsFromSession.php(49): Illuminate/Pipeline/Pipeline->Illuminate/Pipeline/{closure}(Object(Illuminate/Http/Request))
#17 C:/Users/Acer0/Ash-Shidddiqi/vendor/laravel/framework/src/Illuminate/Pipeline/Pipeline.php(183): Illuminate/View/Middleware/ShareErrorsFromSession->handle(Object(Illuminate/Http/Request), Object(Closure))
#18 C:/Users/Acer0/Ash-Shidddiqi/vendor/laravel/framework/src/Illuminate/Session/Middleware/StartSession.php(121): Illuminate/Pipeline/Pipeline->Illuminate/Pipeline/{closure}(Object(Illuminate/Http/Request))
#19 C:/Users/Acer0/Ash-Shidddiqi/vendor/laravel/framework/src/Illuminate/Session/Middleware/StartSession.php(64): Illuminate/Session/Middleware/StartSession->handleStatefulRequest(Object(Illuminate/Http/Request), Object(Illuminate/Session/Store), Object(Closure))
#20 C:/Users/Acer0/Ash-Shidddiqi/vendor/laravel/framework/src/Illuminate/Pipeline/Pipeline.php(183): Illuminate/Session/Middleware/StartSession->handle(Object(Illuminate/Http/Request), Object(Closure))
#21 C:/Users/Acer0/Ash-Shidddiqi/vendor/laravel/framework/src/Illuminate/Cookie/Middleware/AddQueuedCookiesToResponse.php(37): Illuminate/Pipeline/Pipeline->Illuminate/Pipeline/{closure}(Object(Illuminate/Http/Request))
#22 C:/Users/Acer0/Ash-Shidddiqi/vendor/laravel/framework/src/Illuminate/Pipeline/Pipeline.php(183): Illuminate/Cookie/Middleware/AddQueuedCookiesToResponse->handle(Object(Illuminate/Http/Request), Object(Closure))
#23 C:/Users/Acer0/Ash-Shidddiqi/vendor/laravel/framework/src/Illuminate/Cookie/Middleware/EncryptCookies.php(67): Illuminate/Pipeline/Pipeline->Illuminate/Pipeline/{closure}(Object(Illuminate/Http/Request))
#24 C:/Users/Acer0/Ash-Shidddiqi/vendor/laravel/framework/src/Illuminate/Pipeline/Pipeline.php(183): Illuminate/Cookie/Middleware/EncryptCookies->handle(Object(Illuminate/Http/Request), Object(Closure))
#25 C:/Users/Acer0/Ash-Shidddiqi/vendor/laravel/framework/src/Illuminate/Pipeline/Pipeline.php(119): Illuminate/Pipeline/Pipeline->Illuminate/Pipeline/{closure}(Object(Illuminate/Http/Request))
#26 C:/Users/Acer0/Ash-Shidddiqi/vendor/laravel/framework/src/Illuminate/Routing/Router.php(805): Illuminate/Pipeline/Pipeline->then(Object(Closure))
#27 C:/Users/Acer0/Ash-Shidddiqi/vendor/laravel/framework/src/Illuminate/Routing/Router.php(784): Illuminate/Routing/Router->runRouteWithinStack(Object(Illuminate/Routing/Route), Object(Illuminate/Http/Request))
#28 C:/Users/Acer0/Ash-Shidddiqi/vendor/laravel/framework/src/Illuminate/Routing/Router.php(748): Illuminate/Routing/Router->runRoute(Object(Illuminate/Http/Request), Object(Illuminate/Routing/Route))
#29 C:/Users/Acer0/Ash-Shidddiqi/vendor/laravel/framework/src/Illuminate/Routing/Router.php(737): Illuminate/Routing/Router->dispatchToRoute(Object(Illuminate/Http/Request))
#30 C:/Users/Acer0/Ash-Shidddiqi/vendor/laravel/framework/src/Illuminate/Foundation/Http/Kernel.php(200): Illuminate/Routing/Router->dispatch(Object(Illuminate/Http/Request))
#31 C:/Users/Acer0/Ash-Shidddiqi/vendor/laravel/framework/src/Illuminate/Pipeline/Pipeline.php(144): Illuminate/Foundation/Http/Kernel->Illuminate/Foundation/Http/{closure}(Object(Illuminate/Http/Request))
#32 C:/Users/Acer0/Ash-Shidddiqi/vendor/laravel/framework/src/Illuminate/Foundation/Http/Middleware/TransformsRequest.php(21): Illuminate/Pipeline/Pipeline->Illuminate/Pipeline/{closure}(Object(Illuminate/Http/Request))
#33 C:/Users/Acer0/Ash-Shidddiqi/vendor/laravel/framework/src/Illuminate/Foundation/Http/Middleware/ConvertEmptyStringsToNull.php(31): Illuminate/Foundation/Http/Middleware/TransformsRequest->handle(Object(Illuminate/Http/Request), Object(Closure))
#34 C:/Users/Acer0/Ash-Shidddiqi/vendor/laravel/framework/src/Illuminate/Pipeline/Pipeline.php(183): Illuminate/Foundation/Http/Middleware/ConvertEmptyStringsToNull->handle(Object(Illuminate/Http/Request), Object(Closure))
#35 C:/Users/Acer0/Ash-Shidddiqi/vendor/laravel/framework/src/Illuminate/Foundation/Http/Middleware/TransformsRequest.php(21): Illuminate/Pipeline/Pipeline->Illuminate/Pipeline/{closure}(Object(Illuminate/Http/Request))
#36 C:/Users/Acer0/Ash-Shidddiqi/vendor/laravel/framework/src/Illuminate/Foundation/Http/Middleware/TrimStrings.php(40): Illuminate/Foundation/Http/Middleware/TransformsRequest->handle(Object(Illuminate/Http/Request), Object(Closure))
#37 C:/Users/Acer0/Ash-Shidddiqi/vendor/laravel/framework/src/Illuminate/Pipeline/Pipeline.php(183): Illuminate/Foundation/Http/Middleware/TrimStrings->handle(Object(Illuminate/Http/Request), Object(Closure))
#38 C:/Users/Acer0/Ash-Shidddiqi/vendor/laravel/framework/src/Illuminate/Foundation/Http/Middleware/ValidatePostSize.php(27): Illuminate/Pipeline/Pipeline->Illuminate/Pipeline/{closure}(Object(Illuminate/Http/Request))
#39 C:/Users/Acer0/Ash-Shidddiqi/vendor/laravel/framework/src/Illuminate/Pipeline/Pipeline.php(183): Illuminate/Foundation/Http/Middleware/ValidatePostSize->handle(Object(Illuminate/Http/Request), Object(Closure))
#40 C:/Users/Acer0/Ash-Shidddiqi/vendor/laravel/framework/src/Illuminate/Foundation/Http/Middleware/PreventRequestsDuringMaintenance.php(99): Illuminate/Pipeline/Pipeline->Illuminate/Pipeline/{closure}(Object(Illuminate/Http/Request))
#41 C:/Users/Acer0/Ash-Shidddiqi/vendor/laravel/framework/src/Illuminate/Pipeline/Pipeline.php(183): Illuminate/Foundation/Http/Middleware/PreventRequestsDuringMaintenance->handle(Object(Illuminate/Http/Request), Object(Closure))
#42 C:/Users/Acer0/Ash-Shidddiqi/vendor/laravel/framework/src/Illuminate/Http/Middleware/HandleCors.php(49): Illuminate/Pipeline/Pipeline->Illuminate/Pipeline/{closure}(Object(Illuminate/Http/Request))
#43 C:/Users/Acer0/Ash-Shidddiqi/vendor/laravel/framework/src/Illuminate/Pipeline/Pipeline.php(183): Illuminate/Http/Middleware/HandleCors->handle(Object(Illuminate/Http/Request), Object(Closure))
#44 C:/Users/Acer0/Ash-Shidddiqi/vendor/laravel/framework/src/Illuminate/Http/Middleware/TrustProxies.php(39): Illuminate/Pipeline/Pipeline->Illuminate/Pipeline/{closure}(Object(Illuminate/Http/Request))
#45 C:/Users/Acer0/Ash-Shidddiqi/vendor/laravel/framework/src/Illuminate/Pipeline/Pipeline.php(183): Illuminate/Http/Middleware/TrustProxies->handle(Object(Illuminate/Http/Request), Object(Closure))
#46 C:/Users/Acer0/Ash-Shidddiqi/vendor/laravel/framework/src/Illuminate/Pipeline/Pipeline.php(119): Illuminate/Pipeline/Pipeline->Illuminate/Pipeline/{closure}(Object(Illuminate/Http/Request))
#47 C:/Users/Acer0/Ash-Shidddiqi/vendor/laravel/framework/src/Illuminate/Foundation/Http/Kernel.php(175): Illuminate/Pipeline/Pipeline->then(Object(Closure))
#48 C:/Users/Acer0/Ash-Shidddiqi/vendor/laravel/framework/src/Illuminate/Foundation/Http/Kernel.php(144): Illuminate/Foundation/Http/Kernel->sendRequestThroughRouter(Object(Illuminate/Http/Request))
#49 C:/Users/Acer0/Ash-Shidddiqi/public/index.php(9): Illuminate/Foundation/Http/Kernel->handle(Object(Illuminate/Http/Request))
#50 C:/Users/Acer0/Ash-Shidddiqi/vendor/laravel/framework/src/Illuminate/Foundation/resources/server.php(16): require_once('C://Users//Acer0//...')
#51 {main}
"} 
[2026-04-28 18:54:46] local.INFO: Update user request {"user_id":9,"auth_user_id":1,"auth_role":"super_admin","old_status":"nonaktif","new_status":"aktif","status_changed":true,"request_data":{"_token":"JXJok1gC9HCJUNDD5M8uFYTh64SA9beI2QWeU2Yt","_method":"PUT","username":"Smaragita","email":"azizzel027@gmail.com","name":"Smaragita","role":"user","status":"aktif","jabatan":"Santri","unit_kerja":"SMA","password":null,"password_confirmation":null,"menu_access":["dashboard","perbaikan_aset"]}} 
[2026-04-28 18:54:46] local.INFO: Validation passed {"validated_data":{"username":"Smaragita","name":"Smaragita","email":"azizzel027@gmail.com","jabatan":"Santri","unit_kerja":"SMA","role":"user","status":"aktif","menu_access":["dashboard","perbaikan_aset"]}} 
[2026-04-28 18:54:46] local.ERROR: Error updating user {"error":"Undefined array key \"phone\"","user_id":9} 
[2026-04-28 18:54:46] local.ERROR: Undefined array key "phone" {"userId":1,"exception":"[object] (ErrorException(code: 0): Undefined array key \"phone\" at C:/Users/Acer0/Ash-Shidddiqi/app/Http/Controllers/UserController.php:124)
[stacktrace]
#0 C:/Users/Acer0/Ash-Shidddiqi/vendor/laravel/framework/src/Illuminate/Foundation/Bootstrap/HandleExceptions.php(255): Illuminate/Foundation/Bootstrap/HandleExceptions->handleError(2, 'Undefined array...', 'C://Users//Acer0//...', 124)
#1 C:/Users/Acer0/Ash-Shidddiqi/app/Http/Controllers/UserController.php(124): Illuminate/Foundation/Bootstrap/HandleExceptions->Illuminate/Foundation/Bootstrap/{closure}(2, 'Undefined array...', 'C://Users//Acer0//...', 124)
#2 C:/Users/Acer0/Ash-Shidddiqi/vendor/laravel/framework/src/Illuminate/Routing/Controller.php(54): App/Http/Controllers/UserController->update(Object(Illuminate/Http/Request), Object(App/Models/User))
#3 C:/Users/Acer0/Ash-Shidddiqi/vendor/laravel/framework/src/Illuminate/Routing/ControllerDispatcher.php(43): Illuminate/Routing/Controller->callAction('update', Array)
#4 C:/Users/Acer0/Ash-Shidddiqi/vendor/laravel/framework/src/Illuminate/Routing/Route.php(259): Illuminate/Routing/ControllerDispatcher->dispatch(Object(Illuminate/Routing/Route), Object(App/Http/Controllers/UserController), 'update')
#5 C:/Users/Acer0/Ash-Shidddiqi/vendor/laravel/framework/src/Illuminate/Routing/Route.php(205): Illuminate/Routing/Route->runController()
#6 C:/Users/Acer0/Ash-Shidddiqi/vendor/laravel/framework/src/Illuminate/Routing/Router.php(806): Illuminate/Routing/Route->run()
#7 C:/Users/Acer0/Ash-Shidddiqi/vendor/laravel/framework/src/Illuminate/Pipeline/Pipeline.php(144): Illuminate/Routing/Router->Illuminate/Routing/{closure}(Object(Illuminate/Http/Request))
#8 C:/Users/Acer0/Ash-Shidddiqi/app/Http/Middleware/CheckMenuAccess.php(28): Illuminate/Pipeline/Pipeline->Illuminate/Pipeline/{closure}(Object(Illuminate/Http/Request))
#9 C:/Users/Acer0/Ash-Shidddiqi/vendor/laravel/framework/src/Illuminate/Pipeline/Pipeline.php(183): App/Http/Middleware/CheckMenuAccess->handle(Object(Illuminate/Http/Request), Object(Closure), 'manajemen_pengg...')
#10 C:/Users/Acer0/Ash-Shidddiqi/vendor/laravel/framework/src/Illuminate/Routing/Middleware/SubstituteBindings.php(50): Illuminate/Pipeline/Pipeline->Illuminate/Pipeline/{closure}(Object(Illuminate/Http/Request))
#11 C:/Users/Acer0/Ash-Shidddiqi/vendor/laravel/framework/src/Illuminate/Pipeline/Pipeline.php(183): Illuminate/Routing/Middleware/SubstituteBindings->handle(Object(Illuminate/Http/Request), Object(Closure))
#12 C:/Users/Acer0/Ash-Shidddiqi/vendor/laravel/framework/src/Illuminate/Auth/Middleware/Authenticate.php(57): Illuminate/Pipeline/Pipeline->Illuminate/Pipeline/{closure}(Object(Illuminate/Http/Request))
#13 C:/Users/Acer0/Ash-Shidddiqi/vendor/laravel/framework/src/Illuminate/Pipeline/Pipeline.php(183): Illuminate/Auth/Middleware/Authenticate->handle(Object(Illuminate/Http/Request), Object(Closure))
#14 C:/Users/Acer0/Ash-Shidddiqi/vendor/laravel/framework/src/Illuminate/Foundation/Http/Middleware/VerifyCsrfToken.php(78): Illuminate/Pipeline/Pipeline->Illuminate/Pipeline/{closure}(Object(Illuminate/Http/Request))
#15 C:/Users/Acer0/Ash-Shidddiqi/vendor/laravel/framework/src/Illuminate/Pipeline/Pipeline.php(183): Illuminate/Foundation/Http/Middleware/VerifyCsrfToken->handle(Object(Illuminate/Http/Request), Object(Closure))
#16 C:/Users/Acer0/Ash-Shidddiqi/vendor/laravel/framework/src/Illuminate/View/Middleware/ShareErrorsFromSession.php(49): Illuminate/Pipeline/Pipeline->Illuminate/Pipeline/{closure}(Object(Illuminate/Http/Request))
#17 C:/Users/Acer0/Ash-Shidddiqi/vendor/laravel/framework/src/Illuminate/Pipeline/Pipeline.php(183): Illuminate/View/Middleware/ShareErrorsFromSession->handle(Object(Illuminate/Http/Request), Object(Closure))
#18 C:/Users/Acer0/Ash-Shidddiqi/vendor/laravel/framework/src/Illuminate/Session/Middleware/StartSession.php(121): Illuminate/Pipeline/Pipeline->Illuminate/Pipeline/{closure}(Object(Illuminate/Http/Request))
#19 C:/Users/Acer0/Ash-Shidddiqi/vendor/laravel/framework/src/Illuminate/Session/Middleware/StartSession.php(64): Illuminate/Session/Middleware/StartSession->handleStatefulRequest(Object(Illuminate/Http/Request), Object(Illuminate/Session/Store), Object(Closure))
#20 C:/Users/Acer0/Ash-Shidddiqi/vendor/laravel/framework/src/Illuminate/Pipeline/Pipeline.php(183): Illuminate/Session/Middleware/StartSession->handle(Object(Illuminate/Http/Request), Object(Closure))
#21 C:/Users/Acer0/Ash-Shidddiqi/vendor/laravel/framework/src/Illuminate/Cookie/Middleware/AddQueuedCookiesToResponse.php(37): Illuminate/Pipeline/Pipeline->Illuminate/Pipeline/{closure}(Object(Illuminate/Http/Request))
#22 C:/Users/Acer0/Ash-Shidddiqi/vendor/laravel/framework/src/Illuminate/Pipeline/Pipeline.php(183): Illuminate/Cookie/Middleware/AddQueuedCookiesToResponse->handle(Object(Illuminate/Http/Request), Object(Closure))
#23 C:/Users/Acer0/Ash-Shidddiqi/vendor/laravel/framework/src/Illuminate/Cookie/Middleware/EncryptCookies.php(67): Illuminate/Pipeline/Pipeline->Illuminate/Pipeline/{closure}(Object(Illuminate/Http/Request))
#24 C:/Users/Acer0/Ash-Shidddiqi/vendor/laravel/framework/src/Illuminate/Pipeline/Pipeline.php(183): Illuminate/Cookie/Middleware/EncryptCookies->handle(Object(Illuminate/Http/Request), Object(Closure))
#25 C:/Users/Acer0/Ash-Shidddiqi/vendor/laravel/framework/src/Illuminate/Pipeline/Pipeline.php(119): Illuminate/Pipeline/Pipeline->Illuminate/Pipeline/{closure}(Object(Illuminate/Http/Request))
#26 C:/Users/Acer0/Ash-Shidddiqi/vendor/laravel/framework/src/Illuminate/Routing/Router.php(805): Illuminate/Pipeline/Pipeline->then(Object(Closure))
#27 C:/Users/Acer0/Ash-Shidddiqi/vendor/laravel/framework/src/Illuminate/Routing/Router.php(784): Illuminate/Routing/Router->runRouteWithinStack(Object(Illuminate/Routing/Route), Object(Illuminate/Http/Request))
#28 C:/Users/Acer0/Ash-Shidddiqi/vendor/laravel/framework/src/Illuminate/Routing/Router.php(748): Illuminate/Routing/Router->runRoute(Object(Illuminate/Http/Request), Object(Illuminate/Routing/Route))
#29 C:/Users/Acer0/Ash-Shidddiqi/vendor/laravel/framework/src/Illuminate/Routing/Router.php(737): Illuminate/Routing/Router->dispatchToRoute(Object(Illuminate/Http/Request))
#30 C:/Users/Acer0/Ash-Shidddiqi/vendor/laravel/framework/src/Illuminate/Foundation/Http/Kernel.php(200): Illuminate/Routing/Router->dispatch(Object(Illuminate/Http/Request))
#31 C:/Users/Acer0/Ash-Shidddiqi/vendor/laravel/framework/src/Illuminate/Pipeline/Pipeline.php(144): Illuminate/Foundation/Http/Kernel->Illuminate/Foundation/Http/{closure}(Object(Illuminate/Http/Request))
#32 C:/Users/Acer0/Ash-Shidddiqi/vendor/laravel/framework/src/Illuminate/Foundation/Http/Middleware/TransformsRequest.php(21): Illuminate/Pipeline/Pipeline->Illuminate/Pipeline/{closure}(Object(Illuminate/Http/Request))
#33 C:/Users/Acer0/Ash-Shidddiqi/vendor/laravel/framework/src/Illuminate/Foundation/Http/Middleware/ConvertEmptyStringsToNull.php(31): Illuminate/Foundation/Http/Middleware/TransformsRequest->handle(Object(Illuminate/Http/Request), Object(Closure))
#34 C:/Users/Acer0/Ash-Shidddiqi/vendor/laravel/framework/src/Illuminate/Pipeline/Pipeline.php(183): Illuminate/Foundation/Http/Middleware/ConvertEmptyStringsToNull->handle(Object(Illuminate/Http/Request), Object(Closure))
#35 C:/Users/Acer0/Ash-Shidddiqi/vendor/laravel/framework/src/Illuminate/Foundation/Http/Middleware/TransformsRequest.php(21): Illuminate/Pipeline/Pipeline->Illuminate/Pipeline/{closure}(Object(Illuminate/Http/Request))
#36 C:/Users/Acer0/Ash-Shidddiqi/vendor/laravel/framework/src/Illuminate/Foundation/Http/Middleware/TrimStrings.php(40): Illuminate/Foundation/Http/Middleware/TransformsRequest->handle(Object(Illuminate/Http/Request), Object(Closure))
#37 C:/Users/Acer0/Ash-Shidddiqi/vendor/laravel/framework/src/Illuminate/Pipeline/Pipeline.php(183): Illuminate/Foundation/Http/Middleware/TrimStrings->handle(Object(Illuminate/Http/Request), Object(Closure))
#38 C:/Users/Acer0/Ash-Shidddiqi/vendor/laravel/framework/src/Illuminate/Foundation/Http/Middleware/ValidatePostSize.php(27): Illuminate/Pipeline/Pipeline->Illuminate/Pipeline/{closure}(Object(Illuminate/Http/Request))
#39 C:/Users/Acer0/Ash-Shidddiqi/vendor/laravel/framework/src/Illuminate/Pipeline/Pipeline.php(183): Illuminate/Foundation/Http/Middleware/ValidatePostSize->handle(Object(Illuminate/Http/Request), Object(Closure))
#40 C:/Users/Acer0/Ash-Shidddiqi/vendor/laravel/framework/src/Illuminate/Foundation/Http/Middleware/PreventRequestsDuringMaintenance.php(99): Illuminate/Pipeline/Pipeline->Illuminate/Pipeline/{closure}(Object(Illuminate/Http/Request))
#41 C:/Users/Acer0/Ash-Shidddiqi/vendor/laravel/framework/src/Illuminate/Pipeline/Pipeline.php(183): Illuminate/Foundation/Http/Middleware/PreventRequestsDuringMaintenance->handle(Object(Illuminate/Http/Request), Object(Closure))
#42 C:/Users/Acer0/Ash-Shidddiqi/vendor/laravel/framework/src/Illuminate/Http/Middleware/HandleCors.php(49): Illuminate/Pipeline/Pipeline->Illuminate/Pipeline/{closure}(Object(Illuminate/Http/Request))
#43 C:/Users/Acer0/Ash-Shidddiqi/vendor/laravel/framework/src/Illuminate/Pipeline/Pipeline.php(183): Illuminate/Http/Middleware/HandleCors->handle(Object(Illuminate/Http/Request), Object(Closure))
#44 C:/Users/Acer0/Ash-Shidddiqi/vendor/laravel/framework/src/Illuminate/Http/Middleware/TrustProxies.php(39): Illuminate/Pipeline/Pipeline->Illuminate/Pipeline/{closure}(Object(Illuminate/Http/Request))
#45 C:/Users/Acer0/Ash-Shidddiqi/vendor/laravel/framework/src/Illuminate/Pipeline/Pipeline.php(183): Illuminate/Http/Middleware/TrustProxies->handle(Object(Illuminate/Http/Request), Object(Closure))
#46 C:/Users/Acer0/Ash-Shidddiqi/vendor/laravel/framework/src/Illuminate/Pipeline/Pipeline.php(119): Illuminate/Pipeline/Pipeline->Illuminate/Pipeline/{closure}(Object(Illuminate/Http/Request))
#47 C:/Users/Acer0/Ash-Shidddiqi/vendor/laravel/framework/src/Illuminate/Foundation/Http/Kernel.php(175): Illuminate/Pipeline/Pipeline->then(Object(Closure))
#48 C:/Users/Acer0/Ash-Shidddiqi/vendor/laravel/framework/src/Illuminate/Foundation/Http/Kernel.php(144): Illuminate/Foundation/Http/Kernel->sendRequestThroughRouter(Object(Illuminate/Http/Request))
#49 C:/Users/Acer0/Ash-Shidddiqi/public/index.php(9): Illuminate/Foundation/Http/Kernel->handle(Object(Illuminate/Http/Request))
#50 C:/Users/Acer0/Ash-Shidddiqi/vendor/laravel/framework/src/Illuminate/Foundation/resources/server.php(16): require_once('C://Users//Acer0//...')
#51 {main}
"} 
[2026-04-28 18:55:43] local.INFO: Update user request {"user_id":9,"auth_user_id":1,"auth_role":"super_admin","old_status":"nonaktif","new_status":"aktif","status_changed":true,"request_data":{"_token":"JXJok1gC9HCJUNDD5M8uFYTh64SA9beI2QWeU2Yt","_method":"PUT","username":"Smaragita","email":"azizzel027@gmail.com","name":"Smaragita","role":"user","status":"aktif","jabatan":"Santri","unit_kerja":"SMA","password":null,"password_confirmation":null,"menu_access":["dashboard","perbaikan_aset"]}} 
[2026-04-28 18:55:43] local.INFO: Validation passed {"validated_data":{"username":"Smaragita","name":"Smaragita","email":"azizzel027@gmail.com","jabatan":"Santri","unit_kerja":"SMA","role":"user","status":"aktif","menu_access":["dashboard","perbaikan_aset"]}} 
[2026-04-28 18:55:43] local.ERROR: Error updating user {"error":"Undefined array key \"phone\"","user_id":9} 
[2026-04-28 18:55:43] local.ERROR: Undefined array key "phone" {"userId":1,"exception":"[object] (ErrorException(code: 0): Undefined array key \"phone\" at C:/Users/Acer0/Ash-Shidddiqi/app/Http/Controllers/UserController.php:124)
[stacktrace]
#0 C:/Users/Acer0/Ash-Shidddiqi/vendor/laravel/framework/src/Illuminate/Foundation/Bootstrap/HandleExceptions.php(255): Illuminate/Foundation/Bootstrap/HandleExceptions->handleError(2, 'Undefined array...', 'C://Users//Acer0//...', 124)
#1 C:/Users/Acer0/Ash-Shidddiqi/app/Http/Controllers/UserController.php(124): Illuminate/Foundation/Bootstrap/HandleExceptions->Illuminate/Foundation/Bootstrap/{closure}(2, 'Undefined array...', 'C://Users//Acer0//...', 124)
#2 C:/Users/Acer0/Ash-Shidddiqi/vendor/laravel/framework/src/Illuminate/Routing/Controller.php(54): App/Http/Controllers/UserController->update(Object(Illuminate/Http/Request), Object(App/Models/User))
#3 C:/Users/Acer0/Ash-Shidddiqi/vendor/laravel/framework/src/Illuminate/Routing/ControllerDispatcher.php(43): Illuminate/Routing/Controller->callAction('update', Array)
#4 C:/Users/Acer0/Ash-Shidddiqi/vendor/laravel/framework/src/Illuminate/Routing/Route.php(259): Illuminate/Routing/ControllerDispatcher->dispatch(Object(Illuminate/Routing/Route), Object(App/Http/Controllers/UserController), 'update')
#5 C:/Users/Acer0/Ash-Shidddiqi/vendor/laravel/framework/src/Illuminate/Routing/Route.php(205): Illuminate/Routing/Route->runController()
#6 C:/Users/Acer0/Ash-Shidddiqi/vendor/laravel/framework/src/Illuminate/Routing/Router.php(806): Illuminate/Routing/Route->run()
#7 C:/Users/Acer0/Ash-Shidddiqi/vendor/laravel/framework/src/Illuminate/Pipeline/Pipeline.php(144): Illuminate/Routing/Router->Illuminate/Routing/{closure}(Object(Illuminate/Http/Request))
#8 C:/Users/Acer0/Ash-Shidddiqi/app/Http/Middleware/CheckMenuAccess.php(28): Illuminate/Pipeline/Pipeline->Illuminate/Pipeline/{closure}(Object(Illuminate/Http/Request))
#9 C:/Users/Acer0/Ash-Shidddiqi/vendor/laravel/framework/src/Illuminate/Pipeline/Pipeline.php(183): App/Http/Middleware/CheckMenuAccess->handle(Object(Illuminate/Http/Request), Object(Closure), 'manajemen_pengg...')
#10 C:/Users/Acer0/Ash-Shidddiqi/vendor/laravel/framework/src/Illuminate/Routing/Middleware/SubstituteBindings.php(50): Illuminate/Pipeline/Pipeline->Illuminate/Pipeline/{closure}(Object(Illuminate/Http/Request))
#11 C:/Users/Acer0/Ash-Shidddiqi/vendor/laravel/framework/src/Illuminate/Pipeline/Pipeline.php(183): Illuminate/Routing/Middleware/SubstituteBindings->handle(Object(Illuminate/Http/Request), Object(Closure))
#12 C:/Users/Acer0/Ash-Shidddiqi/vendor/laravel/framework/src/Illuminate/Auth/Middleware/Authenticate.php(57): Illuminate/Pipeline/Pipeline->Illuminate/Pipeline/{closure}(Object(Illuminate/Http/Request))
#13 C:/Users/Acer0/Ash-Shidddiqi/vendor/laravel/framework/src/Illuminate/Pipeline/Pipeline.php(183): Illuminate/Auth/Middleware/Authenticate->handle(Object(Illuminate/Http/Request), Object(Closure))
#14 C:/Users/Acer0/Ash-Shidddiqi/vendor/laravel/framework/src/Illuminate/Foundation/Http/Middleware/VerifyCsrfToken.php(78): Illuminate/Pipeline/Pipeline->Illuminate/Pipeline/{closure}(Object(Illuminate/Http/Request))
#15 C:/Users/Acer0/Ash-Shidddiqi/vendor/laravel/framework/src/Illuminate/Pipeline/Pipeline.php(183): Illuminate/Foundation/Http/Middleware/VerifyCsrfToken->handle(Object(Illuminate/Http/Request), Object(Closure))
#16 C:/Users/Acer0/Ash-Shidddiqi/vendor/laravel/framework/src/Illuminate/View/Middleware/ShareErrorsFromSession.php(49): Illuminate/Pipeline/Pipeline->Illuminate/Pipeline/{closure}(Object(Illuminate/Http/Request))
#17 C:/Users/Acer0/Ash-Shidddiqi/vendor/laravel/framework/src/Illuminate/Pipeline/Pipeline.php(183): Illuminate/View/Middleware/ShareErrorsFromSession->handle(Object(Illuminate/Http/Request), Object(Closure))
#18 C:/Users/Acer0/Ash-Shidddiqi/vendor/laravel/framework/src/Illuminate/Session/Middleware/StartSession.php(121): Illuminate/Pipeline/Pipeline->Illuminate/Pipeline/{closure}(Object(Illuminate/Http/Request))
#19 C:/Users/Acer0/Ash-Shidddiqi/vendor/laravel/framework/src/Illuminate/Session/Middleware/StartSession.php(64): Illuminate/Session/Middleware/StartSession->handleStatefulRequest(Object(Illuminate/Http/Request), Object(Illuminate/Session/Store), Object(Closure))
#20 C:/Users/Acer0/Ash-Shidddiqi/vendor/laravel/framework/src/Illuminate/Pipeline/Pipeline.php(183): Illuminate/Session/Middleware/StartSession->handle(Object(Illuminate/Http/Request), Object(Closure))
#21 C:/Users/Acer0/Ash-Shidddiqi/vendor/laravel/framework/src/Illuminate/Cookie/Middleware/AddQueuedCookiesToResponse.php(37): Illuminate/Pipeline/Pipeline->Illuminate/Pipeline/{closure}(Object(Illuminate/Http/Request))
#22 C:/Users/Acer0/Ash-Shidddiqi/vendor/laravel/framework/src/Illuminate/Pipeline/Pipeline.php(183): Illuminate/Cookie/Middleware/AddQueuedCookiesToResponse->handle(Object(Illuminate/Http/Request), Object(Closure))
#23 C:/Users/Acer0/Ash-Shidddiqi/vendor/laravel/framework/src/Illuminate/Cookie/Middleware/EncryptCookies.php(67): Illuminate/Pipeline/Pipeline->Illuminate/Pipeline/{closure}(Object(Illuminate/Http/Request))
#24 C:/Users/Acer0/Ash-Shidddiqi/vendor/laravel/framework/src/Illuminate/Pipeline/Pipeline.php(183): Illuminate/Cookie/Middleware/EncryptCookies->handle(Object(Illuminate/Http/Request), Object(Closure))
#25 C:/Users/Acer0/Ash-Shidddiqi/vendor/laravel/framework/src/Illuminate/Pipeline/Pipeline.php(119): Illuminate/Pipeline/Pipeline->Illuminate/Pipeline/{closure}(Object(Illuminate/Http/Request))
#26 C:/Users/Acer0/Ash-Shidddiqi/vendor/laravel/framework/src/Illuminate/Routing/Router.php(805): Illuminate/Pipeline/Pipeline->then(Object(Closure))
#27 C:/Users/Acer0/Ash-Shidddiqi/vendor/laravel/framework/src/Illuminate/Routing/Router.php(784): Illuminate/Routing/Router->runRouteWithinStack(Object(Illuminate/Routing/Route), Object(Illuminate/Http/Request))
#28 C:/Users/Acer0/Ash-Shidddiqi/vendor/laravel/framework/src/Illuminate/Routing/Router.php(748): Illuminate/Routing/Router->runRoute(Object(Illuminate/Http/Request), Object(Illuminate/Routing/Route))
#29 C:/Users/Acer0/Ash-Shidddiqi/vendor/laravel/framework/src/Illuminate/Routing/Router.php(737): Illuminate/Routing/Router->dispatchToRoute(Object(Illuminate/Http/Request))
#30 C:/Users/Acer0/Ash-Shidddiqi/vendor/laravel/framework/src/Illuminate/Foundation/Http/Kernel.php(200): Illuminate/Routing/Router->dispatch(Object(Illuminate/Http/Request))
#31 C:/Users/Acer0/Ash-Shidddiqi/vendor/laravel/framework/src/Illuminate/Pipeline/Pipeline.php(144): Illuminate/Foundation/Http/Kernel->Illuminate/Foundation/Http/{closure}(Object(Illuminate/Http/Request))
#32 C:/Users/Acer0/Ash-Shidddiqi/vendor/laravel/framework/src/Illuminate/Foundation/Http/Middleware/TransformsRequest.php(21): Illuminate/Pipeline/Pipeline->Illuminate/Pipeline/{closure}(Object(Illuminate/Http/Request))
#33 C:/Users/Acer0/Ash-Shidddiqi/vendor/laravel/framework/src/Illuminate/Foundation/Http/Middleware/ConvertEmptyStringsToNull.php(31): Illuminate/Foundation/Http/Middleware/TransformsRequest->handle(Object(Illuminate/Http/Request), Object(Closure))
#34 C:/Users/Acer0/Ash-Shidddiqi/vendor/laravel/framework/src/Illuminate/Pipeline/Pipeline.php(183): Illuminate/Foundation/Http/Middleware/ConvertEmptyStringsToNull->handle(Object(Illuminate/Http/Request), Object(Closure))
#35 C:/Users/Acer0/Ash-Shidddiqi/vendor/laravel/framework/src/Illuminate/Foundation/Http/Middleware/TransformsRequest.php(21): Illuminate/Pipeline/Pipeline->Illuminate/Pipeline/{closure}(Object(Illuminate/Http/Request))
#36 C:/Users/Acer0/Ash-Shidddiqi/vendor/laravel/framework/src/Illuminate/Foundation/Http/Middleware/TrimStrings.php(40): Illuminate/Foundation/Http/Middleware/TransformsRequest->handle(Object(Illuminate/Http/Request), Object(Closure))
#37 C:/Users/Acer0/Ash-Shidddiqi/vendor/laravel/framework/src/Illuminate/Pipeline/Pipeline.php(183): Illuminate/Foundation/Http/Middleware/TrimStrings->handle(Object(Illuminate/Http/Request), Object(Closure))
#38 C:/Users/Acer0/Ash-Shidddiqi/vendor/laravel/framework/src/Illuminate/Foundation/Http/Middleware/ValidatePostSize.php(27): Illuminate/Pipeline/Pipeline->Illuminate/Pipeline/{closure}(Object(Illuminate/Http/Request))
#39 C:/Users/Acer0/Ash-Shidddiqi/vendor/laravel/framework/src/Illuminate/Pipeline/Pipeline.php(183): Illuminate/Foundation/Http/Middleware/ValidatePostSize->handle(Object(Illuminate/Http/Request), Object(Closure))
#40 C:/Users/Acer0/Ash-Shidddiqi/vendor/laravel/framework/src/Illuminate/Foundation/Http/Middleware/PreventRequestsDuringMaintenance.php(99): Illuminate/Pipeline/Pipeline->Illuminate/Pipeline/{closure}(Object(Illuminate/Http/Request))
#41 C:/Users/Acer0/Ash-Shidddiqi/vendor/laravel/framework/src/Illuminate/Pipeline/Pipeline.php(183): Illuminate/Foundation/Http/Middleware/PreventRequestsDuringMaintenance->handle(Object(Illuminate/Http/Request), Object(Closure))
#42 C:/Users/Acer0/Ash-Shidddiqi/vendor/laravel/framework/src/Illuminate/Http/Middleware/HandleCors.php(49): Illuminate/Pipeline/Pipeline->Illuminate/Pipeline/{closure}(Object(Illuminate/Http/Request))
#43 C:/Users/Acer0/Ash-Shidddiqi/vendor/laravel/framework/src/Illuminate/Pipeline/Pipeline.php(183): Illuminate/Http/Middleware/HandleCors->handle(Object(Illuminate/Http/Request), Object(Closure))
#44 C:/Users/Acer0/Ash-Shidddiqi/vendor/laravel/framework/src/Illuminate/Http/Middleware/TrustProxies.php(39): Illuminate/Pipeline/Pipeline->Illuminate/Pipeline/{closure}(Object(Illuminate/Http/Request))
#45 C:/Users/Acer0/Ash-Shidddiqi/vendor/laravel/framework/src/Illuminate/Pipeline/Pipeline.php(183): Illuminate/Http/Middleware/TrustProxies->handle(Object(Illuminate/Http/Request), Object(Closure))
#46 C:/Users/Acer0/Ash-Shidddiqi/vendor/laravel/framework/src/Illuminate/Pipeline/Pipeline.php(119): Illuminate/Pipeline/Pipeline->Illuminate/Pipeline/{closure}(Object(Illuminate/Http/Request))
#47 C:/Users/Acer0/Ash-Shidddiqi/vendor/laravel/framework/src/Illuminate/Foundation/Http/Kernel.php(175): Illuminate/Pipeline/Pipeline->then(Object(Closure))
#48 C:/Users/Acer0/Ash-Shidddiqi/vendor/laravel/framework/src/Illuminate/Foundation/Http/Kernel.php(144): Illuminate/Foundation/Http/Kernel->sendRequestThroughRouter(Object(Illuminate/Http/Request))
#49 C:/Users/Acer0/Ash-Shidddiqi/public/index.php(9): Illuminate/Foundation/Http/Kernel->handle(Object(Illuminate/Http/Request))
#50 C:/Users/Acer0/Ash-Shidddiqi/vendor/laravel/framework/src/Illuminate/Foundation/resources/server.php(16): require_once('C://Users//Acer0//...')
#51 {main}
"} 
[2026-04-28 18:55:50] local.INFO: Update user request {"user_id":9,"auth_user_id":1,"auth_role":"super_admin","old_status":"nonaktif","new_status":"aktif","status_changed":true,"request_data":{"_token":"JXJok1gC9HCJUNDD5M8uFYTh64SA9beI2QWeU2Yt","_method":"PUT","username":"Smaragita","email":"azizzel027@gmail.com","name":"Smaragita","role":"user","status":"aktif","jabatan":"Santri","unit_kerja":"SMA","password":"password","password_confirmation":null,"menu_access":["dashboard","perbaikan_aset"]}} 
[2026-04-28 18:55:50] local.ERROR: Error updating user {"error":"The password field confirmation does not match. (and 1 more error)","user_id":9} 
[2026-04-28 18:55:59] local.INFO: Update user request {"user_id":9,"auth_user_id":1,"auth_role":"super_admin","old_status":"nonaktif","new_status":"aktif","status_changed":true,"request_data":{"_token":"JXJok1gC9HCJUNDD5M8uFYTh64SA9beI2QWeU2Yt","_method":"PUT","username":"Smaragita","email":"azizzel027@gmail.com","name":"Smaragita","role":"user","status":"aktif","jabatan":"Santri","unit_kerja":"SMA","password":"password","password_confirmation":null,"menu_access":["dashboard","perbaikan_aset"]}} 
[2026-04-28 18:55:59] local.ERROR: Error updating user {"error":"The password field confirmation does not match. (and 1 more error)","user_id":9} 
[2026-04-28 18:56:16] local.INFO: Update user request {"user_id":9,"auth_user_id":1,"auth_role":"super_admin","old_status":"nonaktif","new_status":"aktif","status_changed":true,"request_data":{"_token":"JXJok1gC9HCJUNDD5M8uFYTh64SA9beI2QWeU2Yt","_method":"PUT","username":"Smaragita","email":"azizzel027@gmail.com","name":"Smaragita","role":"user","status":"aktif","jabatan":"Santri","unit_kerja":"SMA","password":null,"password_confirmation":null,"menu_access":["dashboard","perbaikan_aset"]}} 
[2026-04-28 18:56:16] local.INFO: Validation passed {"validated_data":{"username":"Smaragita","name":"Smaragita","email":"azizzel027@gmail.com","jabatan":"Santri","unit_kerja":"SMA","role":"user","status":"aktif","menu_access":["dashboard","perbaikan_aset"]}} 
[2026-04-28 18:56:16] local.ERROR: Error updating user {"error":"Undefined array key \"phone\"","user_id":9} 
[2026-04-28 18:56:16] local.ERROR: Undefined array key "phone" {"userId":1,"exception":"[object] (ErrorException(code: 0): Undefined array key \"phone\" at C:/Users/Acer0/Ash-Shidddiqi/app/Http/Controllers/UserController.php:124)
[stacktrace]
#0 C:/Users/Acer0/Ash-Shidddiqi/vendor/laravel/framework/src/Illuminate/Foundation/Bootstrap/HandleExceptions.php(255): Illuminate/Foundation/Bootstrap/HandleExceptions->handleError(2, 'Undefined array...', 'C://Users//Acer0//...', 124)
#1 C:/Users/Acer0/Ash-Shidddiqi/app/Http/Controllers/UserController.php(124): Illuminate/Foundation/Bootstrap/HandleExceptions->Illuminate/Foundation/Bootstrap/{closure}(2, 'Undefined array...', 'C://Users//Acer0//...', 124)
#2 C:/Users/Acer0/Ash-Shidddiqi/vendor/laravel/framework/src/Illuminate/Routing/Controller.php(54): App/Http/Controllers/UserController->update(Object(Illuminate/Http/Request), Object(App/Models/User))
#3 C:/Users/Acer0/Ash-Shidddiqi/vendor/laravel/framework/src/Illuminate/Routing/ControllerDispatcher.php(43): Illuminate/Routing/Controller->callAction('update', Array)
#4 C:/Users/Acer0/Ash-Shidddiqi/vendor/laravel/framework/src/Illuminate/Routing/Route.php(259): Illuminate/Routing/ControllerDispatcher->dispatch(Object(Illuminate/Routing/Route), Object(App/Http/Controllers/UserController), 'update')
#5 C:/Users/Acer0/Ash-Shidddiqi/vendor/laravel/framework/src/Illuminate/Routing/Route.php(205): Illuminate/Routing/Route->runController()
#6 C:/Users/Acer0/Ash-Shidddiqi/vendor/laravel/framework/src/Illuminate/Routing/Router.php(806): Illuminate/Routing/Route->run()
#7 C:/Users/Acer0/Ash-Shidddiqi/vendor/laravel/framework/src/Illuminate/Pipeline/Pipeline.php(144): Illuminate/Routing/Router->Illuminate/Routing/{closure}(Object(Illuminate/Http/Request))
#8 C:/Users/Acer0/Ash-Shidddiqi/app/Http/Middleware/CheckMenuAccess.php(28): Illuminate/Pipeline/Pipeline->Illuminate/Pipeline/{closure}(Object(Illuminate/Http/Request))
#9 C:/Users/Acer0/Ash-Shidddiqi/vendor/laravel/framework/src/Illuminate/Pipeline/Pipeline.php(183): App/Http/Middleware/CheckMenuAccess->handle(Object(Illuminate/Http/Request), Object(Closure), 'manajemen_pengg...')
#10 C:/Users/Acer0/Ash-Shidddiqi/vendor/laravel/framework/src/Illuminate/Routing/Middleware/SubstituteBindings.php(50): Illuminate/Pipeline/Pipeline->Illuminate/Pipeline/{closure}(Object(Illuminate/Http/Request))
#11 C:/Users/Acer0/Ash-Shidddiqi/vendor/laravel/framework/src/Illuminate/Pipeline/Pipeline.php(183): Illuminate/Routing/Middleware/SubstituteBindings->handle(Object(Illuminate/Http/Request), Object(Closure))
#12 C:/Users/Acer0/Ash-Shidddiqi/vendor/laravel/framework/src/Illuminate/Auth/Middleware/Authenticate.php(57): Illuminate/Pipeline/Pipeline->Illuminate/Pipeline/{closure}(Object(Illuminate/Http/Request))
#13 C:/Users/Acer0/Ash-Shidddiqi/vendor/laravel/framework/src/Illuminate/Pipeline/Pipeline.php(183): Illuminate/Auth/Middleware/Authenticate->handle(Object(Illuminate/Http/Request), Object(Closure))
#14 C:/Users/Acer0/Ash-Shidddiqi/vendor/laravel/framework/src/Illuminate/Foundation/Http/Middleware/VerifyCsrfToken.php(78): Illuminate/Pipeline/Pipeline->Illuminate/Pipeline/{closure}(Object(Illuminate/Http/Request))
#15 C:/Users/Acer0/Ash-Shidddiqi/vendor/laravel/framework/src/Illuminate/Pipeline/Pipeline.php(183): Illuminate/Foundation/Http/Middleware/VerifyCsrfToken->handle(Object(Illuminate/Http/Request), Object(Closure))
#16 C:/Users/Acer0/Ash-Shidddiqi/vendor/laravel/framework/src/Illuminate/View/Middleware/ShareErrorsFromSession.php(49): Illuminate/Pipeline/Pipeline->Illuminate/Pipeline/{closure}(Object(Illuminate/Http/Request))
#17 C:/Users/Acer0/Ash-Shidddiqi/vendor/laravel/framework/src/Illuminate/Pipeline/Pipeline.php(183): Illuminate/View/Middleware/ShareErrorsFromSession->handle(Object(Illuminate/Http/Request), Object(Closure))
#18 C:/Users/Acer0/Ash-Shidddiqi/vendor/laravel/framework/src/Illuminate/Session/Middleware/StartSession.php(121): Illuminate/Pipeline/Pipeline->Illuminate/Pipeline/{closure}(Object(Illuminate/Http/Request))
#19 C:/Users/Acer0/Ash-Shidddiqi/vendor/laravel/framework/src/Illuminate/Session/Middleware/StartSession.php(64): Illuminate/Session/Middleware/StartSession->handleStatefulRequest(Object(Illuminate/Http/Request), Object(Illuminate/Session/Store), Object(Closure))
#20 C:/Users/Acer0/Ash-Shidddiqi/vendor/laravel/framework/src/Illuminate/Pipeline/Pipeline.php(183): Illuminate/Session/Middleware/StartSession->handle(Object(Illuminate/Http/Request), Object(Closure))
#21 C:/Users/Acer0/Ash-Shidddiqi/vendor/laravel/framework/src/Illuminate/Cookie/Middleware/AddQueuedCookiesToResponse.php(37): Illuminate/Pipeline/Pipeline->Illuminate/Pipeline/{closure}(Object(Illuminate/Http/Request))
#22 C:/Users/Acer0/Ash-Shidddiqi/vendor/laravel/framework/src/Illuminate/Pipeline/Pipeline.php(183): Illuminate/Cookie/Middleware/AddQueuedCookiesToResponse->handle(Object(Illuminate/Http/Request), Object(Closure))
#23 C:/Users/Acer0/Ash-Shidddiqi/vendor/laravel/framework/src/Illuminate/Cookie/Middleware/EncryptCookies.php(67): Illuminate/Pipeline/Pipeline->Illuminate/Pipeline/{closure}(Object(Illuminate/Http/Request))
#24 C:/Users/Acer0/Ash-Shidddiqi/vendor/laravel/framework/src/Illuminate/Pipeline/Pipeline.php(183): Illuminate/Cookie/Middleware/EncryptCookies->handle(Object(Illuminate/Http/Request), Object(Closure))
#25 C:/Users/Acer0/Ash-Shidddiqi/vendor/laravel/framework/src/Illuminate/Pipeline/Pipeline.php(119): Illuminate/Pipeline/Pipeline->Illuminate/Pipeline/{closure}(Object(Illuminate/Http/Request))
#26 C:/Users/Acer0/Ash-Shidddiqi/vendor/laravel/framework/src/Illuminate/Routing/Router.php(805): Illuminate/Pipeline/Pipeline->then(Object(Closure))
#27 C:/Users/Acer0/Ash-Shidddiqi/vendor/laravel/framework/src/Illuminate/Routing/Router.php(784): Illuminate/Routing/Router->runRouteWithinStack(Object(Illuminate/Routing/Route), Object(Illuminate/Http/Request))
#28 C:/Users/Acer0/Ash-Shidddiqi/vendor/laravel/framework/src/Illuminate/Routing/Router.php(748): Illuminate/Routing/Router->runRoute(Object(Illuminate/Http/Request), Object(Illuminate/Routing/Route))
#29 C:/Users/Acer0/Ash-Shidddiqi/vendor/laravel/framework/src/Illuminate/Routing/Router.php(737): Illuminate/Routing/Router->dispatchToRoute(Object(Illuminate/Http/Request))
#30 C:/Users/Acer0/Ash-Shidddiqi/vendor/laravel/framework/src/Illuminate/Foundation/Http/Kernel.php(200): Illuminate/Routing/Router->dispatch(Object(Illuminate/Http/Request))
#31 C:/Users/Acer0/Ash-Shidddiqi/vendor/laravel/framework/src/Illuminate/Pipeline/Pipeline.php(144): Illuminate/Foundation/Http/Kernel->Illuminate/Foundation/Http/{closure}(Object(Illuminate/Http/Request))
#32 C:/Users/Acer0/Ash-Shidddiqi/vendor/laravel/framework/src/Illuminate/Foundation/Http/Middleware/TransformsRequest.php(21): Illuminate/Pipeline/Pipeline->Illuminate/Pipeline/{closure}(Object(Illuminate/Http/Request))
#33 C:/Users/Acer0/Ash-Shidddiqi/vendor/laravel/framework/src/Illuminate/Foundation/Http/Middleware/ConvertEmptyStringsToNull.php(31): Illuminate/Foundation/Http/Middleware/TransformsRequest->handle(Object(Illuminate/Http/Request), Object(Closure))
#34 C:/Users/Acer0/Ash-Shidddiqi/vendor/laravel/framework/src/Illuminate/Pipeline/Pipeline.php(183): Illuminate/Foundation/Http/Middleware/ConvertEmptyStringsToNull->handle(Object(Illuminate/Http/Request), Object(Closure))
#35 C:/Users/Acer0/Ash-Shidddiqi/vendor/laravel/framework/src/Illuminate/Foundation/Http/Middleware/TransformsRequest.php(21): Illuminate/Pipeline/Pipeline->Illuminate/Pipeline/{closure}(Object(Illuminate/Http/Request))
#36 C:/Users/Acer0/Ash-Shidddiqi/vendor/laravel/framework/src/Illuminate/Foundation/Http/Middleware/TrimStrings.php(40): Illuminate/Foundation/Http/Middleware/TransformsRequest->handle(Object(Illuminate/Http/Request), Object(Closure))
#37 C:/Users/Acer0/Ash-Shidddiqi/vendor/laravel/framework/src/Illuminate/Pipeline/Pipeline.php(183): Illuminate/Foundation/Http/Middleware/TrimStrings->handle(Object(Illuminate/Http/Request), Object(Closure))
#38 C:/Users/Acer0/Ash-Shidddiqi/vendor/laravel/framework/src/Illuminate/Foundation/Http/Middleware/ValidatePostSize.php(27): Illuminate/Pipeline/Pipeline->Illuminate/Pipeline/{closure}(Object(Illuminate/Http/Request))
#39 C:/Users/Acer0/Ash-Shidddiqi/vendor/laravel/framework/src/Illuminate/Pipeline/Pipeline.php(183): Illuminate/Foundation/Http/Middleware/ValidatePostSize->handle(Object(Illuminate/Http/Request), Object(Closure))
#40 C:/Users/Acer0/Ash-Shidddiqi/vendor/laravel/framework/src/Illuminate/Foundation/Http/Middleware/PreventRequestsDuringMaintenance.php(99): Illuminate/Pipeline/Pipeline->Illuminate/Pipeline/{closure}(Object(Illuminate/Http/Request))
#41 C:/Users/Acer0/Ash-Shidddiqi/vendor/laravel/framework/src/Illuminate/Pipeline/Pipeline.php(183): Illuminate/Foundation/Http/Middleware/PreventRequestsDuringMaintenance->handle(Object(Illuminate/Http/Request), Object(Closure))
#42 C:/Users/Acer0/Ash-Shidddiqi/vendor/laravel/framework/src/Illuminate/Http/Middleware/HandleCors.php(49): Illuminate/Pipeline/Pipeline->Illuminate/Pipeline/{closure}(Object(Illuminate/Http/Request))
#43 C:/Users/Acer0/Ash-Shidddiqi/vendor/laravel/framework/src/Illuminate/Pipeline/Pipeline.php(183): Illuminate/Http/Middleware/HandleCors->handle(Object(Illuminate/Http/Request), Object(Closure))
#44 C:/Users/Acer0/Ash-Shidddiqi/vendor/laravel/framework/src/Illuminate/Http/Middleware/TrustProxies.php(39): Illuminate/Pipeline/Pipeline->Illuminate/Pipeline/{closure}(Object(Illuminate/Http/Request))
#45 C:/Users/Acer0/Ash-Shidddiqi/vendor/laravel/framework/src/Illuminate/Pipeline/Pipeline.php(183): Illuminate/Http/Middleware/TrustProxies->handle(Object(Illuminate/Http/Request), Object(Closure))
#46 C:/Users/Acer0/Ash-Shidddiqi/vendor/laravel/framework/src/Illuminate/Pipeline/Pipeline.php(119): Illuminate/Pipeline/Pipeline->Illuminate/Pipeline/{closure}(Object(Illuminate/Http/Request))
#47 C:/Users/Acer0/Ash-Shidddiqi/vendor/laravel/framework/src/Illuminate/Foundation/Http/Kernel.php(175): Illuminate/Pipeline/Pipeline->then(Object(Closure))
#48 C:/Users/Acer0/Ash-Shidddiqi/vendor/laravel/framework/src/Illuminate/Foundation/Http/Kernel.php(144): Illuminate/Foundation/Http/Kernel->sendRequestThroughRouter(Object(Illuminate/Http/Request))
#49 C:/Users/Acer0/Ash-Shidddiqi/public/index.php(9): Illuminate/Foundation/Http/Kernel->handle(Object(Illuminate/Http/Request))
#50 C:/Users/Acer0/Ash-Shidddiqi/vendor/laravel/framework/src/Illuminate/Foundation/resources/server.php(16): require_once('C://Users//Acer0//...')
#51 {main}
"} 
[2026-04-28 18:58:25] local.INFO: Update user request {"user_id":9,"auth_user_id":1,"auth_role":"super_admin","old_status":"nonaktif","new_status":"aktif","status_changed":true,"request_data":{"_token":"JXJok1gC9HCJUNDD5M8uFYTh64SA9beI2QWeU2Yt","_method":"PUT","username":"Smaragita","email":"azizzel027@gmail.com","name":"Smaragita","role":"user","status":"aktif","jabatan":"Santri","unit_kerja":"SMA","password":null,"password_confirmation":null,"menu_access":["dashboard","perbaikan_aset"]}} 
[2026-04-28 18:58:25] local.INFO: Validation passed {"validated_data":{"username":"Smaragita","name":"Smaragita","email":"azizzel027@gmail.com","jabatan":"Santri","unit_kerja":"SMA","role":"user","status":"aktif","menu_access":["dashboard","perbaikan_aset"]}} 
[2026-04-28 18:58:25] local.INFO: User update completed {"user_id":9,"save_result":true,"new_status":"aktif"} 
[2026-04-29 09:43:43] local.INFO: Update user request {"user_id":8,"auth_user_id":1,"auth_role":"super_admin","old_status":"nonaktif","new_status":"aktif","status_changed":true,"request_data":{"_token":"EPxhs1JUxOASgLTAsco02OjIjdhl2i457tiMMlC7","_method":"PUT","username":"staff01","email":"rina@simas.sch.id","name":"Rina Wulandari","role":"user","status":"aktif","jabatan":"Staff","unit_kerja":"SD","password":"password","password_confirmation":null,"menu_access":["dashboard","perbaikan_aset"]}} 
[2026-04-29 09:43:44] local.ERROR: Error updating user {"error":"The password field confirmation does not match. (and 1 more error)","user_id":8} 
[2026-04-29 09:46:47] local.INFO: Update user request {"user_id":10,"auth_user_id":1,"auth_role":"super_admin","old_status":"nonaktif","new_status":"aktif","status_changed":true,"request_data":{"_token":"Y6grKFh08Lan51yENs7mgyYaqOmNx6prlqxk19JI","_method":"PUT","username":"rosyanrosyan","email":"ros@gmail.com","name":"Rosyan","role":"user","status":"aktif","jabatan":"Staff","unit_kerja":"Pondok Pesantren","password":"password","password_confirmation":null,"menu_access":["dashboard","perbaikan_aset"]}} 
[2026-04-29 09:46:47] local.ERROR: Error updating user {"error":"The password field confirmation does not match. (and 1 more error)","user_id":10} 
[2026-04-29 09:47:03] local.INFO: Update user request {"user_id":10,"auth_user_id":1,"auth_role":"super_admin","old_status":"nonaktif","new_status":"aktif","status_changed":true,"request_data":{"_token":"Y6grKFh08Lan51yENs7mgyYaqOmNx6prlqxk19JI","_method":"PUT","username":"rosyanrosyan","email":"ros@gmail.com","name":"Rosyan","role":"user","status":"aktif","jabatan":"Staff","unit_kerja":"Pondok Pesantren","password":"password","password_confirmation":null,"menu_access":["dashboard","perbaikan_aset"]}} 
[2026-04-29 09:47:03] local.ERROR: Error updating user {"error":"The password field confirmation does not match. (and 1 more error)","user_id":10} 
[2026-04-29 09:47:33] local.INFO: Update user request {"user_id":10,"auth_user_id":1,"auth_role":"super_admin","old_status":"nonaktif","new_status":"aktif","status_changed":true,"request_data":{"_token":"Y6grKFh08Lan51yENs7mgyYaqOmNx6prlqxk19JI","_method":"PUT","username":"rosyanrosyan","email":"ros@gmail.com","name":"Rosyan","role":"user","status":"aktif","jabatan":"Staff","unit_kerja":"Pondok Pesantren","password":null,"password_confirmation":null,"menu_access":["dashboard","perbaikan_aset"]}} 
[2026-04-29 09:47:34] local.INFO: Validation passed {"validated_data":{"username":"rosyanrosyan","name":"Rosyan","email":"ros@gmail.com","jabatan":"Staff","unit_kerja":"Pondok Pesantren","role":"user","status":"aktif","menu_access":["dashboard","perbaikan_aset"]}} 
[2026-04-29 09:47:34] local.INFO: User update completed {"user_id":10,"save_result":true,"new_status":"aktif"} 
[2026-04-29 09:53:08] local.INFO: Update user request {"user_id":10,"auth_user_id":1,"auth_role":"super_admin","old_status":"aktif","new_status":"aktif","status_changed":false,"request_data":{"_token":"Y6grKFh08Lan51yENs7mgyYaqOmNx6prlqxk19JI","_method":"PUT","username":"rosyanrosyan","email":"ros@gmail.com","name":"Rosyan","role":"user","status":"aktif","jabatan":"Staff","unit_kerja":"Pondok Pesantren","password":null,"password_confirmation":null,"menu_access":["dashboard","perbaikan_aset"]}} 
[2026-04-29 09:53:08] local.INFO: Validation passed {"validated_data":{"username":"rosyanrosyan","name":"Rosyan","email":"ros@gmail.com","jabatan":"Staff","unit_kerja":"Pondok Pesantren","role":"user","status":"aktif","menu_access":["dashboard","perbaikan_aset"]}} 
[2026-04-29 09:53:08] local.INFO: User update completed {"user_id":10,"save_result":true,"new_status":"aktif"} 
[2026-04-29 10:00:16] local.INFO: Update user request {"user_id":10,"auth_user_id":1,"auth_role":"super_admin","old_status":"aktif","new_status":"nonaktif","status_changed":true,"request_data":{"_token":"Y6grKFh08Lan51yENs7mgyYaqOmNx6prlqxk19JI","_method":"PUT","username":"rosyanrosyan","email":"ros@gmail.com","name":"Rosyan","role":"user","status":"nonaktif","jabatan":"Staff","unit_kerja":"Pondok Pesantren","menu_access":["dashboard","perbaikan_aset"]}} 
[2026-04-29 10:00:16] local.INFO: Validation passed {"validated_data":{"username":"rosyanrosyan","name":"Rosyan","email":"ros@gmail.com","jabatan":"Staff","unit_kerja":"Pondok Pesantren","role":"user","status":"nonaktif","menu_access":["dashboard","perbaikan_aset"]}} 
[2026-04-29 10:00:16] local.INFO: User update completed {"user_id":10,"save_result":true,"new_status":"nonaktif"} 
[2026-04-29 10:00:24] local.INFO: Update user request {"user_id":10,"auth_user_id":1,"auth_role":"super_admin","old_status":"nonaktif","new_status":"aktif","status_changed":true,"request_data":{"_token":"Y6grKFh08Lan51yENs7mgyYaqOmNx6prlqxk19JI","_method":"PUT","username":"rosyanrosyan","email":"ros@gmail.com","name":"Rosyan","role":"user","status":"aktif","jabatan":"Staff","unit_kerja":"Pondok Pesantren","menu_access":["dashboard","perbaikan_aset"]}} 
[2026-04-29 10:00:24] local.INFO: Validation passed {"validated_data":{"username":"rosyanrosyan","name":"Rosyan","email":"ros@gmail.com","jabatan":"Staff","unit_kerja":"Pondok Pesantren","role":"user","status":"aktif","menu_access":["dashboard","perbaikan_aset"]}} 
[2026-04-29 10:00:24] local.INFO: User update completed {"user_id":10,"save_result":true,"new_status":"aktif"} 
[2026-04-29 10:00:49] local.INFO: Update user request {"user_id":8,"auth_user_id":1,"auth_role":"super_admin","old_status":"nonaktif","new_status":"aktif","status_changed":true,"request_data":{"_token":"Y6grKFh08Lan51yENs7mgyYaqOmNx6prlqxk19JI","_method":"PUT","username":"staff01","email":"rina@simas.sch.id","name":"Rina Wulandari","role":"user","status":"aktif","jabatan":"Staff","unit_kerja":"SD","menu_access":["dashboard","perbaikan_aset"]}} 
[2026-04-29 10:00:49] local.INFO: Validation passed {"validated_data":{"username":"staff01","name":"Rina Wulandari","email":"rina@simas.sch.id","jabatan":"Staff","unit_kerja":"SD","role":"user","status":"aktif","menu_access":["dashboard","perbaikan_aset"]}} 
[2026-04-29 10:00:49] local.INFO: User update completed {"user_id":8,"save_result":true,"new_status":"aktif"} 
